Confirmed,State,Special Id,Production,Species,No Measure Value
6/3/25,California,CA 773,Dairy Milking Cows,Cattle,
5/21/25,Idaho,ID 110,Dairy Milking Cows,Cattle,
5/21/25,Idaho,ID 111,Dairy Milking Cows,Cattle,
5/19/25,Idaho,ID 105,Dairy Milking Cows,Cattle,
5/19/25,Idaho,ID 106,Dairy Milking Cows,Cattle,
5/19/25,Idaho,ID 107,Dairy Milking Cows,Cattle,
5/19/25,Idaho,ID 108,Dairy Milking Cows,Cattle,
5/19/25,Idaho,ID 109,Dairy Milking Cows,Cattle,
5/12/25,Idaho,ID 095,Dairy Milking Cows,Cattle,
5/12/25,Idaho,ID 096,Dairy Milking Cows,Cattle,
5/12/25,Idaho,ID 097,Dairy Milking Cows,Cattle,
5/12/25,Idaho,ID 098,Dairy Milking Cows,Cattle,
5/12/25,Idaho,ID 099,Dairy Milking Cows,Cattle,
5/12/25,Idaho,ID 100,Dairy Milking Cows,Cattle,
5/12/25,Idaho,ID 101,Dairy Milking Cows,Cattle,
5/12/25,Idaho,ID 102,Dairy Milking Cows,Cattle,
5/12/25,Idaho,ID 103,Dairy Milking Cows,Cattle,
5/12/25,Idaho,ID 104,Dairy Milking Cows,Cattle,
5/12/25,Texas,TX 028,Dairy Milking Cows,Cattle,
5/12/25,Texas,TX 029,Dairy Milking Cows,Cattle,
5/7/25,Arizona,AZ 004,Dairy Milking Cows,Cattle,
5/5/25,Idaho,ID 091,Dairy Milking Cows,Cattle,
5/5/25,Idaho,ID 092,Dairy Milking Cows,Cattle,
5/5/25,Idaho,ID 093,Dairy Milking Cows,Cattle,
5/5/25,Idaho,ID 094,Dairy Milking Cows,Cattle,
4/30/25,California,CA 764,Dairy Milking Cows,Cattle,
4/28/25,Idaho,ID 076,Dairy Milking Cows,Cattle,
4/28/25,Idaho,ID 077,Dairy Milking Cows,Cattle,
4/28/25,Idaho,ID 078,Dairy Milking Cows,Cattle,
4/28/25,Idaho,ID 079,Dairy Milking Cows,Cattle,
4/28/25,Idaho,ID 080,Dairy Milking Cows,Cattle,
4/28/25,Idaho,ID 081,Dairy Milking Cows,Cattle,
4/28/25,Idaho,ID 082,Dairy Milking Cows,Cattle,
4/28/25,Idaho,ID 083,Dairy Milking Cows,Cattle,
4/28/25,Idaho,ID 084,Dairy Milking Cows,Cattle,
4/28/25,Idaho,ID 085,Dairy Milking Cows,Cattle,
4/28/25,Idaho,ID 086,Dairy Milking Cows,Cattle,
4/28/25,Idaho,ID 087,Dairy Milking Cows,Cattle,
4/28/25,Idaho,ID 088,Dairy Milking Cows,Cattle,
4/28/25,Idaho,ID 089,Dairy Milking Cows,Cattle,
4/28/25,Idaho,ID 090,Dairy Milking Cows,Cattle,
4/23/25,Arizona,AZ 003,Dairy Milking Cows,Cattle,
4/21/25,California,CA 772,Dairy Milking Cows,Cattle,
4/21/25,Idaho,ID 059,Dairy Milking Cows,Cattle,
4/21/25,Idaho,ID 068,Dairy Milking Cows,Cattle,
4/21/25,Idaho,ID 069,Dairy Milking Cows,Cattle,
4/21/25,Idaho,ID 070,Dairy Milking Cows,Cattle,
4/21/25,Idaho,ID 071,Dairy Milking Cows,Cattle,
4/21/25,Idaho,ID 072,Dairy Milking Cows,Cattle,
4/21/25,Idaho,ID 073,Dairy Milking Cows,Cattle,
4/21/25,Idaho,ID 074,Dairy Milking Cows,Cattle,
4/21/25,Idaho,ID 075,Dairy Milking Cows,Cattle,
4/14/25,California,CA 756,Dairy Milking Cows,Cattle,
4/11/25,California,CA 741,Dairy Milking Cows,Cattle,
4/11/25,California,CA 770,Dairy Milking Cows,Cattle,
4/11/25,California,CA 771,Dairy Milking Cows,Cattle,
4/11/25,Idaho,ID 060,Dairy Milking Cows,Cattle,
4/11/25,Idaho,ID 061,Dairy Milking Cows,Cattle,
4/11/25,Idaho,ID 062,Dairy Milking Cows,Cattle,
4/11/25,Idaho,ID 063,Dairy Milking Cows,Cattle,
4/11/25,Idaho,ID 064,Dairy Milking Cows,Cattle,
4/11/25,Idaho,ID 065,Dairy Milking Cows,Cattle,
4/11/25,Idaho,ID 066,Dairy Milking Cows,Cattle,
4/11/25,Idaho,ID 067,Dairy Milking Cows,Cattle,
4/9/25,Arizona,AZ 002,Dairy Milking Cows,Cattle,
4/9/25,Idaho,ID 050,Dairy Milking Cows,Cattle,
4/9/25,Idaho,ID 052,Dairy Milking Cows,Cattle,
4/7/25,California,CA 769,Dairy Milking Cows,Cattle,
4/7/25,Idaho,ID 054,Dairy Milking Cows,Cattle,
4/7/25,Idaho,ID 055,Dairy Milking Cows,Cattle,
4/7/25,Idaho,ID 056,Dairy Milking Cows,Cattle,
4/7/25,Idaho,ID 057,Dairy Milking Cows,Cattle,
4/7/25,Idaho,ID 058,Dairy Milking Cows,Cattle,
3/31/25,Idaho,ID 051,Dairy Milking Cows,Cattle,
3/28/25,California,CA 768,Dairy Milking Cows,Cattle,
3/28/25,Idaho,ID 049,Dairy Milking Cows,Cattle,
3/28/25,Idaho,ID 053,Dairy Milking Cows,Cattle,
3/26/25,California,CA 767,Dairy Milking Cows,Cattle,
3/26/25,Nevada,NV 012,Dairy Milking Cows,Cattle,
3/24/25,California,CA 766,Dairy Milking Cows,Cattle,
3/24/25,Idaho,ID 046,Dairy Milking Cows,Cattle,
3/24/25,Idaho,ID 047,Dairy Milking Cows,Cattle,
3/24/25,Idaho,ID 048,Dairy Milking Cows,Cattle,
3/14/25,California,CA 763,Dairy Milking Cows,Cattle,
3/14/25,Idaho,ID 043,Dairy Milking Cows,Cattle,
3/14/25,Idaho,ID 044,Dairy Milking Cows,Cattle,
3/14/25,Idaho,ID 045,Dairy Milking Cows,Cattle,
3/11/25,Idaho,ID 041,Dairy Milking Cows,Cattle,
3/11/25,Idaho,ID 042,Dairy Milking Cows,Cattle,
3/10/25,California,CA 645,Dairy Milking Cows,Cattle,
3/7/25,California,CA 759,Dairy Milking Cows,Cattle,
3/7/25,California,CA 760,Dairy Milking Cows,Cattle,
3/7/25,California,CA 761,Dairy Milking Cows,Cattle,
3/7/25,California,CA 762,Dairy Milking Cows,Cattle,
3/4/25,California,CA 758,Dairy Milking Cows,Cattle,
3/3/25,California,CA 757,Dairy Milking Cows,Cattle,
2/28/25,Idaho,ID 040,Dairy Milking Cows,Cattle,
2/25/25,Nevada,NV 010,Dairy Milking Cows,Cattle,
2/25/25,Nevada,NV 011,Dairy Milking Cows,Cattle,
2/24/25,California,CA 755,Dairy Milking Cows,Cattle,
2/14/25,Arizona,AZ 001,Dairy Milking Cows,Cattle,
2/14/25,California,CA 754,Dairy Milking Cows,Cattle,
2/14/25,Nevada,NV 009,Dairy Milking Cows,Cattle,
2/12/25,California,CA 753,Dairy Milking Cows,Cattle,
2/10/25,California,CA 724,Dairy Milking Cows,Cattle,
2/10/25,California,CA 727,Dairy Milking Cows,Cattle,
2/10/25,California,CA 729,Dairy Milking Cows,Cattle,
2/10/25,California,CA 730,Dairy Milking Cows,Cattle,
2/10/25,California,CA 731,Dairy Milking Cows,Cattle,
2/6/25,Nevada,NV 007,Dairy Milking Cows,Cattle,
2/6/25,Nevada,NV 008,Dairy Milking Cows,Cattle,
2/3/25,California,CA 698,Dairy Milking Cows,Cattle,
2/3/25,California,CA 713,Dairy Milking Cows,Cattle,
1/31/25,California,CA 746,Dairy Milking Cows,Cattle,
1/31/25,California,CA 752,Dairy Milking Cows,Cattle,
1/31/25,Nevada,NV 002,Dairy Milking Cows,Cattle,
1/31/25,Nevada,NV 003,Dairy Milking Cows,Cattle,
1/31/25,Nevada,NV 004,Dairy Milking Cows,Cattle,
1/31/25,Nevada,NV 005,Dairy Milking Cows,Cattle,
1/28/25,California,CA 370,Dairy Milking Cows,Cattle,
1/28/25,California,CA 749,Dairy Milking Cows,Cattle,
1/27/25,California,CA 410,Dairy Milking Cows,Cattle,
1/27/25,California,CA 747,Dairy Milking Cows,Cattle,
1/24/25,California,CA 745,Dairy Milking Cows,Cattle,
1/24/25,California,CA 748,Dairy Milking Cows,Cattle,
1/23/25,California,CA 602,Dairy Milking Cows,Cattle,
1/23/25,California,CA 603,Dairy Milking Cows,Cattle,
1/23/25,California,CA 604,Dairy Milking Cows,Cattle,
1/22/25,California,CA 655,Dairy Milking Cows,Cattle,
1/22/25,California,CA 726,Dairy Milking Cows,Cattle,
1/22/25,California,CA 728,Dairy Milking Cows,Cattle,
1/22/25,California,CA 733,Dairy Milking Cows,Cattle,
1/22/25,California,CA 744,Dairy Milking Cows,Cattle,
1/21/25,California,CA 739,Dairy Milking Cows,Cattle,
1/21/25,California,CA 740,Dairy Milking Cows,Cattle,
1/21/25,California,CA 742,Dairy Milking Cows,Cattle,
1/21/25,Michigan,MI 032,Dairy Milking Cows,Cattle,
1/17/25,California,CA 738,Dairy Milking Cows,Cattle,
1/14/25,California,CA 725,Dairy Milking Cows,Cattle,
1/14/25,California,CA 732,Dairy Milking Cows,Cattle,
1/14/25,California,CA 734,Dairy Milking Cows,Cattle,
1/14/25,California,CA 735,Dairy Milking Cows,Cattle,
1/14/25,California,CA 736,Dairy Milking Cows,Cattle,
1/14/25,California,CA 737,Dairy Milking Cows,Cattle,
1/13/25,California,CA 721,Dairy Milking Cows,Cattle,
1/13/25,California,CA 722,Dairy Milking Cows,Cattle,
1/12/25,California,CA 648,Dairy Milking Cows,Cattle,
1/10/25,California,CA 723,Dairy Milking Cows,Cattle,
1/8/25,California,CA 720,Dairy Milking Cows,Cattle,
1/7/25,California,CA 717,Dairy Milking Cows,Cattle,
1/7/25,California,CA 718,Dairy Milking Cows,Cattle,
1/7/25,California,CA 719,Dairy Milking Cows,Cattle,
1/3/25,California,CA 371,Dairy Milking Cows,Cattle,
1/3/25,California,CA 714,Dairy Milking Cows,Cattle,
1/3/25,California,CA 715,Dairy Milking Cows,Cattle,
1/3/25,California,CA 716,Dairy Milking Cows,Cattle,
12/31/24,California,CA 711,Dairy Milking Cows,Cattle,
12/31/24,California,CA 712,Dairy Milking Cows,Cattle,
12/30/24,Michigan,MI 031,Dairy Milking Cows,Cattle,
12/27/24,California,CA 707,Dairy Milking Cows,Cattle,
12/27/24,California,CA 708,Dairy Milking Cows,Cattle,
12/27/24,California,CA 709,Dairy Milking Cows,Cattle,
12/26/24,California,CA 692,Dairy Milking Cows,Cattle,
12/26/24,California,CA 693,Dairy Milking Cows,Cattle,
12/26/24,California,CA 694,Dairy Milking Cows,Cattle,
12/26/24,California,CA 696,Dairy Milking Cows,Cattle,
12/26/24,California,CA 702,Dairy Milking Cows,Cattle,
12/26/24,California,CA 703,Dairy Milking Cows,Cattle,
12/26/24,California,CA 704,Dairy Milking Cows,Cattle,
12/26/24,California,CA 706,Dairy Milking Cows,Cattle,
12/26/24,California,CA 710,Dairy Milking Cows,Cattle,
12/24/24,California,CA 338,Dairy Milking Cows,Cattle,
12/24/24,California,CA 637,Dairy Milking Cows,Cattle,
12/24/24,California,CA 697,Dairy Milking Cows,Cattle,
12/24/24,California,CA 700,Dairy Milking Cows,Cattle,
12/23/24,California,CA 680,Dairy Milking Cows,Cattle,
12/23/24,California,CA 681,Dairy Milking Cows,Cattle,
12/23/24,California,CA 682,Dairy Milking Cows,Cattle,
12/23/24,California,CA 683,Dairy Milking Cows,Cattle,
12/23/24,California,CA 684,Dairy Milking Cows,Cattle,
12/23/24,California,CA 685,Dairy Milking Cows,Cattle,
12/23/24,California,CA 686,Dairy Milking Cows,Cattle,
12/23/24,California,CA 687,Dairy Milking Cows,Cattle,
12/23/24,California,CA 688,Dairy Milking Cows,Cattle,
12/23/24,California,CA 689,Dairy Milking Cows,Cattle,
12/23/24,California,CA 690,Dairy Milking Cows,Cattle,
12/23/24,California,CA 691,Dairy Milking Cows,Cattle,
12/23/24,California,CA 695,Dairy Milking Cows,Cattle,
12/23/24,California,CA 699,Dairy Milking Cows,Cattle,
12/23/24,California,CA 701,Dairy Milking Cows,Cattle,
12/23/24,California,CA 705,Dairy Milking Cows,Cattle,
12/19/24,California,CA 479,Dairy Milking Cows,Cattle,
12/18/24,California,CA 117,Dairy Milking Cows,Cattle,
12/18/24,California,CA 336,Dairy Milking Cows,Cattle,
12/18/24,California,CA 668,Dairy Milking Cows,Cattle,
12/18/24,California,CA 669,Dairy Milking Cows,Cattle,
12/18/24,California,CA 670,Dairy Milking Cows,Cattle,
12/18/24,California,CA 671,Dairy Milking Cows,Cattle,
12/18/24,California,CA 672,Dairy Milking Cows,Cattle,
12/18/24,California,CA 673,Dairy Milking Cows,Cattle,
12/18/24,California,CA 675,Dairy Milking Cows,Cattle,
12/18/24,California,CA 676,Dairy Milking Cows,Cattle,
12/18/24,California,CA 677,Dairy Milking Cows,Cattle,
12/18/24,California,CA 678,Dairy Milking Cows,Cattle,
12/18/24,California,CA 679,Dairy Milking Cows,Cattle,
12/17/24,California,CA 674,Dairy Milking Cows,Cattle,
12/16/24,California,CA 658,Dairy Milking Cows,Cattle,
12/16/24,California,CA 661,Dairy Milking Cows,Cattle,
12/16/24,California,CA 662,Dairy Milking Cows,Cattle,
12/16/24,California,CA 663,Dairy Milking Cows,Cattle,
12/16/24,California,CA 664,Dairy Milking Cows,Cattle,
12/16/24,California,CA 665,Dairy Milking Cows,Cattle,
12/16/24,California,CA 666,Dairy Milking Cows,Cattle,
12/14/24,California,CA 644,Dairy Milking Cows,Cattle,
12/13/24,California,CA 651,Dairy Milking Cows,Cattle,
12/13/24,California,CA 652,Dairy Milking Cows,Cattle,
12/13/24,California,CA 653,Dairy Milking Cows,Cattle,
12/13/24,California,CA 654,Dairy Milking Cows,Cattle,
12/13/24,California,CA 656,Dairy Milking Cows,Cattle,
12/13/24,California,CA 659,Dairy Milking Cows,Cattle,
12/13/24,California,CA 660,Dairy Milking Cows,Cattle,
12/13/24,California,CA 667,Dairy Milking Cows,Cattle,
12/13/24,Texas,TX 027,Dairy Milking Cows,Cattle,
12/12/24,California,CA 337,Dairy Milking Cows,Cattle,
12/12/24,California,CA 568,Dairy Milking Cows,Cattle,
12/12/24,California,CA 642,Dairy Milking Cows,Cattle,
12/12/24,California,CA 646,Dairy Milking Cows,Cattle,
12/12/24,California,CA 647,Dairy Milking Cows,Cattle,
12/12/24,California,CA 649,Dairy Milking Cows,Cattle,
12/11/24,California,CA 554,Dairy Milking Cows,Cattle,
12/11/24,California,CA 575,Dairy Milking Cows,Cattle,
12/11/24,California,CA 589,Dairy Milking Cows,Cattle,
12/11/24,California,CA 638,Dairy Milking Cows,Cattle,
12/11/24,California,CA 639,Dairy Milking Cows,Cattle,
12/10/24,California,CA 534,Dairy Milking Cows,Cattle,
12/10/24,California,CA 547,Dairy Milking Cows,Cattle,
12/10/24,California,CA 548,Dairy Milking Cows,Cattle,
12/10/24,California,CA 551,Dairy Milking Cows,Cattle,
12/10/24,California,CA 558,Dairy Milking Cows,Cattle,
12/10/24,California,CA 560,Dairy Milking Cows,Cattle,
12/10/24,California,CA 563,Dairy Milking Cows,Cattle,
12/10/24,California,CA 569,Dairy Milking Cows,Cattle,
12/10/24,California,CA 570,Dairy Milking Cows,Cattle,
12/10/24,California,CA 571,Dairy Milking Cows,Cattle,
12/10/24,California,CA 574,Dairy Milking Cows,Cattle,
12/10/24,California,CA 576,Dairy Milking Cows,Cattle,
12/10/24,California,CA 578,Dairy Milking Cows,Cattle,
12/10/24,California,CA 579,Dairy Milking Cows,Cattle,
12/10/24,California,CA 580,Dairy Milking Cows,Cattle,
12/10/24,California,CA 581,Dairy Milking Cows,Cattle,
12/10/24,California,CA 583,Dairy Milking Cows,Cattle,
12/10/24,California,CA 585,Dairy Milking Cows,Cattle,
12/10/24,California,CA 586,Dairy Milking Cows,Cattle,
12/10/24,California,CA 587,Dairy Milking Cows,Cattle,
12/10/24,California,CA 588,Dairy Milking Cows,Cattle,
12/10/24,California,CA 591,Dairy Milking Cows,Cattle,
12/10/24,California,CA 592,Dairy Milking Cows,Cattle,
12/10/24,California,CA 593,Dairy Milking Cows,Cattle,
12/10/24,California,CA 594,Dairy Milking Cows,Cattle,
12/10/24,California,CA 595,Dairy Milking Cows,Cattle,
12/10/24,California,CA 596,Dairy Milking Cows,Cattle,
12/10/24,California,CA 597,Dairy Milking Cows,Cattle,
12/10/24,California,CA 598,Dairy Milking Cows,Cattle,
12/10/24,California,CA 599,Dairy Milking Cows,Cattle,
12/10/24,California,CA 600,Dairy Milking Cows,Cattle,
12/10/24,California,CA 601,Dairy Milking Cows,Cattle,
12/10/24,California,CA 605,Dairy Milking Cows,Cattle,
12/10/24,California,CA 606,Dairy Milking Cows,Cattle,
12/10/24,California,CA 607,Dairy Milking Cows,Cattle,
12/10/24,California,CA 608,Dairy Milking Cows,Cattle,
12/10/24,California,CA 609,Dairy Milking Cows,Cattle,
12/10/24,California,CA 610,Dairy Milking Cows,Cattle,
12/10/24,California,CA 611,Dairy Milking Cows,Cattle,
12/10/24,California,CA 612,Dairy Milking Cows,Cattle,
12/10/24,California,CA 613,Dairy Milking Cows,Cattle,
12/10/24,California,CA 614,Dairy Milking Cows,Cattle,
12/10/24,California,CA 615,Dairy Milking Cows,Cattle,
12/10/24,California,CA 616,Dairy Milking Cows,Cattle,
12/10/24,California,CA 617,Dairy Milking Cows,Cattle,
12/10/24,California,CA 618,Dairy Milking Cows,Cattle,
12/10/24,California,CA 619,Dairy Milking Cows,Cattle,
12/10/24,California,CA 620,Dairy Milking Cows,Cattle,
12/10/24,California,CA 621,Dairy Milking Cows,Cattle,
12/10/24,California,CA 622,Dairy Milking Cows,Cattle,
12/10/24,California,CA 623,Dairy Milking Cows,Cattle,
12/10/24,California,CA 624,Dairy Milking Cows,Cattle,
12/10/24,California,CA 625,Dairy Milking Cows,Cattle,
12/10/24,California,CA 626,Dairy Milking Cows,Cattle,
12/10/24,California,CA 627,Dairy Milking Cows,Cattle,
12/10/24,California,CA 628,Dairy Milking Cows,Cattle,
12/10/24,California,CA 629,Dairy Milking Cows,Cattle,
12/10/24,California,CA 630,Dairy Milking Cows,Cattle,
12/10/24,California,CA 631,Dairy Milking Cows,Cattle,
12/10/24,California,CA 632,Dairy Milking Cows,Cattle,
12/10/24,California,CA 633,Dairy Milking Cows,Cattle,
12/10/24,California,CA 634,Dairy Milking Cows,Cattle,
12/10/24,California,CA 635,Dairy Milking Cows,Cattle,
12/10/24,California,CA 636,Dairy Milking Cows,Cattle,
12/10/24,California,CA 640,Dairy Milking Cows,Cattle,
12/10/24,California,CA 641,Dairy Milking Cows,Cattle,
12/10/24,California,CA 650,Dairy Milking Cows,Cattle,
12/9/24,California,CA 529,Dairy Milking Cows,Cattle,
12/9/24,California,CA 530,Dairy Milking Cows,Cattle,
12/9/24,California,CA 531,Dairy Milking Cows,Cattle,
12/9/24,California,CA 532,Dairy Milking Cows,Cattle,
12/9/24,California,CA 533,Dairy Milking Cows,Cattle,
12/9/24,California,CA 535,Dairy Milking Cows,Cattle,
12/9/24,California,CA 536,Dairy Milking Cows,Cattle,
12/9/24,California,CA 537,Dairy Milking Cows,Cattle,
12/9/24,California,CA 538,Dairy Milking Cows,Cattle,
12/9/24,California,CA 539,Dairy Milking Cows,Cattle,
12/9/24,California,CA 540,Dairy Milking Cows,Cattle,
12/9/24,California,CA 541,Dairy Milking Cows,Cattle,
12/9/24,California,CA 542,Dairy Milking Cows,Cattle,
12/9/24,California,CA 543,Dairy Milking Cows,Cattle,
12/9/24,California,CA 544,Dairy Milking Cows,Cattle,
12/9/24,California,CA 545,Dairy Milking Cows,Cattle,
12/9/24,California,CA 546,Dairy Milking Cows,Cattle,
12/9/24,California,CA 549,Dairy Milking Cows,Cattle,
12/9/24,California,CA 550,Dairy Milking Cows,Cattle,
12/9/24,California,CA 552,Dairy Milking Cows,Cattle,
12/9/24,California,CA 553,Dairy Milking Cows,Cattle,
12/9/24,California,CA 555,Dairy Milking Cows,Cattle,
12/9/24,California,CA 556,Dairy Milking Cows,Cattle,
12/9/24,California,CA 557,Dairy Milking Cows,Cattle,
12/9/24,California,CA 559,Dairy Milking Cows,Cattle,
12/9/24,California,CA 561,Dairy Milking Cows,Cattle,
12/9/24,California,CA 562,Dairy Milking Cows,Cattle,
12/9/24,California,CA 564,Dairy Milking Cows,Cattle,
12/9/24,California,CA 565,Dairy Milking Cows,Cattle,
12/9/24,California,CA 566,Dairy Milking Cows,Cattle,
12/9/24,California,CA 567,Dairy Milking Cows,Cattle,
12/9/24,California,CA 572,Dairy Milking Cows,Cattle,
12/9/24,California,CA 573,Dairy Milking Cows,Cattle,
12/9/24,California,CA 577,Dairy Milking Cows,Cattle,
12/9/24,California,CA 582,Dairy Milking Cows,Cattle,
12/9/24,California,CA 584,Dairy Milking Cows,Cattle,
12/9/24,California,CA 590,Dairy Milking Cows,Cattle,
12/6/24,California,CA 514,Dairy Milking Cows,Cattle,
12/6/24,California,CA 515,Dairy Milking Cows,Cattle,
12/6/24,California,CA 516,Dairy Milking Cows,Cattle,
12/6/24,California,CA 517,Dairy Milking Cows,Cattle,
12/6/24,California,CA 518,Dairy Milking Cows,Cattle,
12/6/24,California,CA 519,Dairy Milking Cows,Cattle,
12/6/24,California,CA 520,Dairy Milking Cows,Cattle,
12/6/24,California,CA 521,Dairy Milking Cows,Cattle,
12/6/24,California,CA 522,Dairy Milking Cows,Cattle,
12/6/24,California,CA 523,Dairy Milking Cows,Cattle,
12/6/24,California,CA 524,Dairy Milking Cows,Cattle,
12/6/24,California,CA 525,Dairy Milking Cows,Cattle,
12/6/24,California,CA 526,Dairy Milking Cows,Cattle,
12/6/24,California,CA 527,Dairy Milking Cows,Cattle,
12/6/24,Nevada,NV 001,Dairy Milking Cows,Cattle,
12/5/24,California,CA 485,Dairy Milking Cows,Cattle,
12/4/24,California,CA 528,Dairy Milking Cows,Cattle,
12/3/24,California,CA 240,Dairy Milking Cows,Cattle,
12/3/24,California,CA 254,Dairy Milking Cows,Cattle,
12/3/24,California,CA 490,Dairy Milking Cows,Cattle,
12/3/24,California,CA 491,Dairy Milking Cows,Cattle,
12/3/24,California,CA 492,Dairy Milking Cows,Cattle,
12/3/24,California,CA 493,Dairy Milking Cows,Cattle,
12/3/24,California,CA 494,Dairy Milking Cows,Cattle,
12/3/24,California,CA 495,Dairy Milking Cows,Cattle,
12/3/24,California,CA 496,Dairy Milking Cows,Cattle,
12/3/24,California,CA 497,Dairy Milking Cows,Cattle,
12/3/24,California,CA 498,Dairy Milking Cows,Cattle,
12/3/24,California,CA 499,Dairy Milking Cows,Cattle,
12/3/24,California,CA 500,Dairy Milking Cows,Cattle,
12/3/24,California,CA 501,Dairy Milking Cows,Cattle,
12/3/24,California,CA 502,Dairy Milking Cows,Cattle,
12/3/24,California,CA 503,Dairy Milking Cows,Cattle,
12/3/24,California,CA 506,Dairy Milking Cows,Cattle,
12/3/24,California,CA 507,Dairy Milking Cows,Cattle,
12/3/24,California,CA 509,Dairy Milking Cows,Cattle,
12/3/24,California,CA 510,Dairy Milking Cows,Cattle,
12/3/24,California,CA 511,Dairy Milking Cows,Cattle,
12/3/24,California,CA 512,Dairy Milking Cows,Cattle,
12/3/24,California,CA 513,Dairy Milking Cows,Cattle,
12/2/24,California,CA 486,Dairy Milking Cows,Cattle,
12/2/24,California,CA 487,Dairy Milking Cows,Cattle,
12/2/24,California,CA 488,Dairy Milking Cows,Cattle,
12/2/24,California,CA 504,Dairy Milking Cows,Cattle,
12/2/24,California,CA 505,Dairy Milking Cows,Cattle,
12/2/24,California,CA 508,Dairy Milking Cows,Cattle,
11/27/24,California,CA 472,Dairy Milking Cows,Cattle,
11/27/24,California,CA 473,Dairy Milking Cows,Cattle,
11/27/24,California,CA 474,Dairy Milking Cows,Cattle,
11/27/24,California,CA 475,Dairy Milking Cows,Cattle,
11/27/24,California,CA 476,Dairy Milking Cows,Cattle,
11/27/24,California,CA 477,Dairy Milking Cows,Cattle,
11/27/24,California,CA 478,Dairy Milking Cows,Cattle,
11/27/24,California,CA 480,Dairy Milking Cows,Cattle,
11/27/24,California,CA 481,Dairy Milking Cows,Cattle,
11/27/24,California,CA 482,Dairy Milking Cows,Cattle,
11/27/24,California,CA 483,Dairy Milking Cows,Cattle,
11/27/24,California,CA 484,Dairy Milking Cows,Cattle,
11/27/24,California,CA 489,Dairy Milking Cows,Cattle,
11/25/24,California,CA 419,Dairy Milking Cows,Cattle,
11/25/24,California,CA 445,Dairy Milking Cows,Cattle,
11/25/24,California,CA 446,Dairy Milking Cows,Cattle,
11/25/24,California,CA 447,Dairy Milking Cows,Cattle,
11/25/24,California,CA 448,Dairy Milking Cows,Cattle,
11/25/24,California,CA 449,Dairy Milking Cows,Cattle,
11/25/24,California,CA 450,Dairy Milking Cows,Cattle,
11/25/24,California,CA 451,Dairy Milking Cows,Cattle,
11/25/24,California,CA 452,Dairy Milking Cows,Cattle,
11/25/24,California,CA 453,Dairy Milking Cows,Cattle,
11/25/24,California,CA 454,Dairy Milking Cows,Cattle,
11/25/24,California,CA 455,Dairy Milking Cows,Cattle,
11/25/24,California,CA 456,Dairy Milking Cows,Cattle,
11/25/24,California,CA 457,Dairy Milking Cows,Cattle,
11/25/24,California,CA 458,Dairy Milking Cows,Cattle,
11/25/24,California,CA 459,Dairy Milking Cows,Cattle,
11/25/24,California,CA 460,Dairy Milking Cows,Cattle,
11/25/24,California,CA 461,Dairy Milking Cows,Cattle,
11/25/24,California,CA 462,Dairy Milking Cows,Cattle,
11/25/24,California,CA 463,Dairy Milking Cows,Cattle,
11/25/24,California,CA 464,Dairy Milking Cows,Cattle,
11/25/24,California,CA 465,Dairy Milking Cows,Cattle,
11/25/24,California,CA 466,Dairy Milking Cows,Cattle,
11/25/24,California,CA 467,Dairy Milking Cows,Cattle,
11/25/24,California,CA 468,Dairy Milking Cows,Cattle,
11/22/24,California,CA 335,Dairy Milking Cows,Cattle,
11/22/24,California,CA 373,Dairy Milking Cows,Cattle,
11/22/24,California,CA 422,Dairy Milking Cows,Cattle,
11/22/24,California,CA 423,Dairy Milking Cows,Cattle,
11/22/24,California,CA 425,Dairy Milking Cows,Cattle,
11/22/24,California,CA 426,Dairy Milking Cows,Cattle,
11/22/24,California,CA 428,Dairy Milking Cows,Cattle,
11/22/24,California,CA 429,Dairy Milking Cows,Cattle,
11/22/24,California,CA 430,Dairy Milking Cows,Cattle,
11/22/24,California,CA 431,Dairy Milking Cows,Cattle,
11/22/24,California,CA 435,Dairy Milking Cows,Cattle,
11/22/24,California,CA 436,Dairy Milking Cows,Cattle,
11/22/24,California,CA 437,Dairy Milking Cows,Cattle,
11/22/24,California,CA 438,Dairy Milking Cows,Cattle,
11/22/24,California,CA 439,Dairy Milking Cows,Cattle,
11/22/24,California,CA 440,Dairy Milking Cows,Cattle,
11/22/24,California,CA 441,Dairy Milking Cows,Cattle,
11/22/24,California,CA 442,Dairy Milking Cows,Cattle,
11/22/24,California,CA 443,Dairy Milking Cows,Cattle,
11/22/24,California,CA 444,Dairy Milking Cows,Cattle,
11/22/24,California,CA 469,Dairy Milking Cows,Cattle,
11/22/24,California,CA 470,Dairy Milking Cows,Cattle,
11/22/24,California,CA 471,Dairy Milking Cows,Cattle,
11/21/24,California,CA 028,Dairy Milking Cows,Cattle,
11/21/24,California,CA 347,Dairy Milking Cows,Cattle,
11/21/24,California,CA 348,Dairy Milking Cows,Cattle,
11/21/24,California,CA 358,Dairy Milking Cows,Cattle,
11/21/24,California,CA 363,Dairy Milking Cows,Cattle,
11/21/24,California,CA 364,Dairy Milking Cows,Cattle,
11/21/24,California,CA 421,Dairy Milking Cows,Cattle,
11/21/24,California,CA 427,Dairy Milking Cows,Cattle,
11/21/24,California,CA 432,Dairy Milking Cows,Cattle,
11/21/24,California,CA 433,Dairy Milking Cows,Cattle,
11/20/24,California,CA 352,Dairy Milking Cows,Cattle,
11/20/24,California,CA 404,Dairy Milking Cows,Cattle,
11/20/24,California,CA 418,Dairy Milking Cows,Cattle,
11/20/24,California,CA 420,Dairy Milking Cows,Cattle,
11/20/24,California,CA 424,Dairy Milking Cows,Cattle,
11/20/24,California,CA 434,Dairy Milking Cows,Cattle,
11/19/24,California,CA 226,Dairy Milking Cows,Cattle,
11/19/24,California,CA 281,Dairy Milking Cows,Cattle,
11/19/24,California,CA 301,Dairy Milking Cows,Cattle,
11/19/24,California,CA 350,Dairy Milking Cows,Cattle,
11/19/24,California,CA 351,Dairy Milking Cows,Cattle,
11/19/24,California,CA 353,Dairy Milking Cows,Cattle,
11/19/24,California,CA 354,Dairy Milking Cows,Cattle,
11/19/24,California,CA 355,Dairy Milking Cows,Cattle,
11/19/24,California,CA 356,Dairy Milking Cows,Cattle,
11/19/24,California,CA 357,Dairy Milking Cows,Cattle,
11/19/24,California,CA 359,Dairy Milking Cows,Cattle,
11/19/24,California,CA 360,Dairy Milking Cows,Cattle,
11/19/24,California,CA 361,Dairy Milking Cows,Cattle,
11/19/24,California,CA 362,Dairy Milking Cows,Cattle,
11/18/24,California,CA 349,Dairy Milking Cows,Cattle,
11/18/24,California,CA 365,Dairy Milking Cows,Cattle,
11/18/24,California,CA 366,Dairy Milking Cows,Cattle,
11/18/24,California,CA 367,Dairy Milking Cows,Cattle,
11/18/24,California,CA 368,Dairy Milking Cows,Cattle,
11/18/24,California,CA 369,Dairy Milking Cows,Cattle,
11/18/24,California,CA 374,Dairy Milking Cows,Cattle,
11/18/24,California,CA 375,Dairy Milking Cows,Cattle,
11/18/24,California,CA 376,Dairy Milking Cows,Cattle,
11/18/24,California,CA 377,Dairy Milking Cows,Cattle,
11/18/24,California,CA 378,Dairy Milking Cows,Cattle,
11/18/24,California,CA 379,Dairy Milking Cows,Cattle,
11/18/24,California,CA 380,Dairy Milking Cows,Cattle,
11/18/24,California,CA 381,Dairy Milking Cows,Cattle,
11/18/24,California,CA 382,Dairy Milking Cows,Cattle,
11/18/24,California,CA 383,Dairy Milking Cows,Cattle,
11/18/24,California,CA 384,Dairy Milking Cows,Cattle,
11/18/24,California,CA 385,Dairy Milking Cows,Cattle,
11/18/24,California,CA 386,Dairy Milking Cows,Cattle,
11/18/24,California,CA 387,Dairy Milking Cows,Cattle,
11/18/24,California,CA 388,Dairy Milking Cows,Cattle,
11/18/24,California,CA 389,Dairy Milking Cows,Cattle,
11/18/24,California,CA 390,Dairy Milking Cows,Cattle,
11/18/24,California,CA 391,Dairy Milking Cows,Cattle,
11/18/24,California,CA 392,Dairy Milking Cows,Cattle,
11/18/24,California,CA 393,Dairy Milking Cows,Cattle,
11/18/24,California,CA 394,Dairy Milking Cows,Cattle,
11/18/24,California,CA 395,Dairy Milking Cows,Cattle,
11/18/24,California,CA 396,Dairy Milking Cows,Cattle,
11/18/24,California,CA 397,Dairy Milking Cows,Cattle,
11/18/24,California,CA 398,Dairy Milking Cows,Cattle,
11/18/24,California,CA 399,Dairy Milking Cows,Cattle,
11/18/24,California,CA 400,Dairy Milking Cows,Cattle,
11/18/24,California,CA 401,Dairy Milking Cows,Cattle,
11/18/24,California,CA 402,Dairy Milking Cows,Cattle,
11/18/24,California,CA 403,Dairy Milking Cows,Cattle,
11/18/24,California,CA 405,Dairy Milking Cows,Cattle,
11/18/24,California,CA 406,Dairy Milking Cows,Cattle,
11/18/24,California,CA 407,Dairy Milking Cows,Cattle,
11/18/24,California,CA 408,Dairy Milking Cows,Cattle,
11/18/24,California,CA 409,Dairy Milking Cows,Cattle,
11/18/24,California,CA 411,Dairy Milking Cows,Cattle,
11/18/24,California,CA 412,Dairy Milking Cows,Cattle,
11/18/24,California,CA 413,Dairy Milking Cows,Cattle,
11/18/24,California,CA 414,Dairy Milking Cows,Cattle,
11/18/24,California,CA 415,Dairy Milking Cows,Cattle,
11/18/24,California,CA 416,Dairy Milking Cows,Cattle,
11/18/24,California,CA 417,Dairy Milking Cows,Cattle,
11/15/24,California,CA 314,Dairy Milking Cows,Cattle,
11/15/24,California,CA 340,Dairy Milking Cows,Cattle,
11/15/24,California,CA 341,Dairy Milking Cows,Cattle,
11/15/24,California,CA 342,Dairy Milking Cows,Cattle,
11/15/24,California,CA 343,Dairy Milking Cows,Cattle,
11/15/24,California,CA 344,Dairy Milking Cows,Cattle,
11/15/24,California,CA 345,Dairy Milking Cows,Cattle,
11/15/24,California,CA 372,Dairy Milking Cows,Cattle,
11/14/24,California,CA 302,Dairy Milking Cows,Cattle,
11/14/24,California,CA 303,Dairy Milking Cows,Cattle,
11/14/24,California,CA 304,Dairy Milking Cows,Cattle,
11/14/24,California,CA 305,Dairy Milking Cows,Cattle,
11/14/24,California,CA 306,Dairy Milking Cows,Cattle,
11/14/24,California,CA 307,Dairy Milking Cows,Cattle,
11/14/24,California,CA 308,Dairy Milking Cows,Cattle,
11/14/24,California,CA 309,Dairy Milking Cows,Cattle,
11/14/24,California,CA 310,Dairy Milking Cows,Cattle,
11/14/24,California,CA 311,Dairy Milking Cows,Cattle,
11/14/24,California,CA 312,Dairy Milking Cows,Cattle,
11/14/24,California,CA 313,Dairy Milking Cows,Cattle,
11/14/24,California,CA 315,Dairy Milking Cows,Cattle,
11/14/24,California,CA 316,Dairy Milking Cows,Cattle,
11/14/24,California,CA 317,Dairy Milking Cows,Cattle,
11/14/24,California,CA 318,Dairy Milking Cows,Cattle,
11/14/24,California,CA 319,Dairy Milking Cows,Cattle,
11/14/24,California,CA 320,Dairy Milking Cows,Cattle,
11/14/24,California,CA 321,Dairy Milking Cows,Cattle,
11/14/24,California,CA 322,Dairy Milking Cows,Cattle,
11/14/24,California,CA 323,Dairy Milking Cows,Cattle,
11/14/24,California,CA 324,Dairy Milking Cows,Cattle,
11/14/24,California,CA 325,Dairy Milking Cows,Cattle,
11/14/24,California,CA 326,Dairy Milking Cows,Cattle,
11/14/24,California,CA 327,Dairy Milking Cows,Cattle,
11/14/24,California,CA 328,Dairy Milking Cows,Cattle,
11/14/24,California,CA 329,Dairy Milking Cows,Cattle,
11/14/24,California,CA 330,Dairy Milking Cows,Cattle,
11/14/24,California,CA 331,Dairy Milking Cows,Cattle,
11/14/24,California,CA 332,Dairy Milking Cows,Cattle,
11/14/24,California,CA 333,Dairy Milking Cows,Cattle,
11/14/24,California,CA 334,Dairy Milking Cows,Cattle,
11/14/24,California,CA 339,Dairy Milking Cows,Cattle,
11/13/24,California,CA 177,Dairy Milking Cows,Cattle,
11/13/24,California,CA 182,Dairy Milking Cows,Cattle,
11/13/24,California,CA 205,Dairy Milking Cows,Cattle,
11/12/24,California,CA 264,Dairy Milking Cows,Cattle,
11/12/24,California,CA 269,Dairy Milking Cows,Cattle,
11/12/24,California,CA 270,Dairy Milking Cows,Cattle,
11/12/24,California,CA 271,Dairy Milking Cows,Cattle,
11/12/24,California,CA 272,Dairy Milking Cows,Cattle,
11/12/24,California,CA 273,Dairy Milking Cows,Cattle,
11/12/24,California,CA 274,Dairy Milking Cows,Cattle,
11/12/24,California,CA 275,Dairy Milking Cows,Cattle,
11/12/24,California,CA 276,Dairy Milking Cows,Cattle,
11/12/24,California,CA 277,Dairy Milking Cows,Cattle,
11/12/24,California,CA 278,Dairy Milking Cows,Cattle,
11/12/24,California,CA 279,Dairy Milking Cows,Cattle,
11/12/24,California,CA 280,Dairy Milking Cows,Cattle,
11/8/24,California,CA 225,Dairy Milking Cows,Cattle,
11/8/24,California,CA 283,Dairy Milking Cows,Cattle,
11/8/24,California,CA 284,Dairy Milking Cows,Cattle,
11/8/24,California,CA 285,Dairy Milking Cows,Cattle,
11/8/24,California,CA 286,Dairy Milking Cows,Cattle,
11/8/24,California,CA 287,Dairy Milking Cows,Cattle,
11/8/24,California,CA 288,Dairy Milking Cows,Cattle,
11/8/24,California,CA 289,Dairy Milking Cows,Cattle,
11/8/24,California,CA 290,Dairy Milking Cows,Cattle,
11/8/24,California,CA 291,Dairy Milking Cows,Cattle,
11/8/24,California,CA 292,Dairy Milking Cows,Cattle,
11/8/24,California,CA 293,Dairy Milking Cows,Cattle,
11/8/24,California,CA 294,Dairy Milking Cows,Cattle,
11/8/24,California,CA 295,Dairy Milking Cows,Cattle,
11/8/24,California,CA 297,Dairy Milking Cows,Cattle,
11/8/24,California,CA 298,Dairy Milking Cows,Cattle,
11/8/24,California,CA 299,Dairy Milking Cows,Cattle,
11/6/24,California,CA 210,Dairy Milking Cows,Cattle,
11/6/24,California,CA 245,Dairy Milking Cows,Cattle,
11/6/24,California,CA 246,Dairy Milking Cows,Cattle,
11/6/24,California,CA 247,Dairy Milking Cows,Cattle,
11/6/24,California,CA 248,Dairy Milking Cows,Cattle,
11/6/24,California,CA 249,Dairy Milking Cows,Cattle,
11/6/24,California,CA 250,Dairy Milking Cows,Cattle,
11/6/24,California,CA 251,Dairy Milking Cows,Cattle,
11/6/24,California,CA 252,Dairy Milking Cows,Cattle,
11/6/24,California,CA 253,Dairy Milking Cows,Cattle,
11/6/24,California,CA 255,Dairy Milking Cows,Cattle,
11/6/24,California,CA 256,Dairy Milking Cows,Cattle,
11/6/24,California,CA 257,Dairy Milking Cows,Cattle,
11/6/24,California,CA 258,Dairy Milking Cows,Cattle,
11/6/24,California,CA 259,Dairy Milking Cows,Cattle,
11/6/24,California,CA 260,Dairy Milking Cows,Cattle,
11/6/24,California,CA 261,Dairy Milking Cows,Cattle,
11/6/24,California,CA 262,Dairy Milking Cows,Cattle,
11/6/24,California,CA 263,Dairy Milking Cows,Cattle,
11/6/24,California,CA 265,Dairy Milking Cows,Cattle,
11/6/24,California,CA 266,Dairy Milking Cows,Cattle,
11/6/24,California,CA 267,Dairy Milking Cows,Cattle,
11/6/24,California,CA 268,Dairy Milking Cows,Cattle,
11/6/24,California,CA 296,Dairy Milking Cows,Cattle,
11/6/24,California,CA 346,Dairy Milking Cows,Cattle,
11/6/24,Utah,UT 011,Dairy Milking Cows,Cattle,
11/6/24,Utah,UT 012,Dairy Milking Cows,Cattle,
11/6/24,Utah,UT 013,Dairy Milking Cows,Cattle,
11/6/24,Utah,UT 014,Dairy Milking Cows,Cattle,
11/5/24,California,CA 282,Dairy Milking Cows,Cattle,
11/5/24,California,CA 300,Dairy Milking Cows,Cattle,
11/4/24,Utah,UT 010,Dairy Milking Cows,Cattle,
11/1/24,California,CA 180,Dairy Milking Cows,Cattle,
11/1/24,California,CA 212,Dairy Milking Cows,Cattle,
11/1/24,California,CA 236,Dairy Milking Cows,Cattle,
11/1/24,California,CA 237,Dairy Milking Cows,Cattle,
11/1/24,California,CA 238,Dairy Milking Cows,Cattle,
11/1/24,California,CA 239,Dairy Milking Cows,Cattle,
11/1/24,California,CA 241,Dairy Milking Cows,Cattle,
11/1/24,California,CA 242,Dairy Milking Cows,Cattle,
11/1/24,California,CA 243,Dairy Milking Cows,Cattle,
10/31/24,California,CA 211,Dairy Milking Cows,Cattle,
10/31/24,California,CA 213,Dairy Milking Cows,Cattle,
10/31/24,California,CA 214,Dairy Milking Cows,Cattle,
10/31/24,California,CA 215,Dairy Milking Cows,Cattle,
10/31/24,California,CA 216,Dairy Milking Cows,Cattle,
10/31/24,California,CA 217,Dairy Milking Cows,Cattle,
10/31/24,California,CA 218,Dairy Milking Cows,Cattle,
10/31/24,California,CA 219,Dairy Milking Cows,Cattle,
10/31/24,California,CA 220,Dairy Milking Cows,Cattle,
10/31/24,California,CA 221,Dairy Milking Cows,Cattle,
10/31/24,California,CA 222,Dairy Milking Cows,Cattle,
10/31/24,California,CA 223,Dairy Milking Cows,Cattle,
10/31/24,California,CA 224,Dairy Milking Cows,Cattle,
10/31/24,California,CA 227,Dairy Milking Cows,Cattle,
10/31/24,California,CA 228,Dairy Milking Cows,Cattle,
10/31/24,California,CA 229,Dairy Milking Cows,Cattle,
10/31/24,California,CA 230,Dairy Milking Cows,Cattle,
10/31/24,California,CA 231,Dairy Milking Cows,Cattle,
10/31/24,California,CA 232,Dairy Milking Cows,Cattle,
10/31/24,California,CA 233,Dairy Milking Cows,Cattle,
10/31/24,California,CA 234,Dairy Milking Cows,Cattle,
10/31/24,California,CA 235,Dairy Milking Cows,Cattle,
10/31/24,California,CA 244,Dairy Milking Cows,Cattle,
10/31/24,Utah,UT 002,Dairy Milking Cows,Cattle,
10/31/24,Utah,UT 003,Dairy Milking Cows,Cattle,
10/31/24,Utah,UT 004,Dairy Milking Cows,Cattle,
10/31/24,Utah,UT 005,Dairy Milking Cows,Cattle,
10/31/24,Utah,UT 006,Dairy Milking Cows,Cattle,
10/31/24,Utah,UT 007,Dairy Milking Cows,Cattle,
10/31/24,Utah,UT 008,Dairy Milking Cows,Cattle,
10/31/24,Utah,UT 009,Dairy Milking Cows,Cattle,
10/30/24,Oregon,OR 001,Backyard Producer,Swine,
10/29/24,California,CA 198,Dairy Milking Cows,Cattle,
10/29/24,California,CA 199,Dairy Milking Cows,Cattle,
10/29/24,California,CA 200,Dairy Milking Cows,Cattle,
10/29/24,California,CA 201,Dairy Milking Cows,Cattle,
10/29/24,California,CA 202,Dairy Milking Cows,Cattle,
10/29/24,California,CA 203,Dairy Milking Cows,Cattle,
10/29/24,California,CA 206,Dairy Milking Cows,Cattle,
10/29/24,California,CA 207,Dairy Milking Cows,Cattle,
10/29/24,California,CA 209,Dairy Milking Cows,Cattle,
10/28/24,California,CA 092,Dairy Milking Cows,Cattle,
10/28/24,California,CA 096,Dairy Milking Cows,Cattle,
10/28/24,California,CA 106,Dairy Milking Cows,Cattle,
10/28/24,California,CA 195,Dairy Milking Cows,Cattle,
10/28/24,California,CA 196,Dairy Milking Cows,Cattle,
10/28/24,California,CA 197,Dairy Milking Cows,Cattle,
10/25/24,California,CA 140,Dairy Milking Cows,Cattle,
10/25/24,California,CA 141,Dairy Milking Cows,Cattle,
10/25/24,California,CA 142,Dairy Milking Cows,Cattle,
10/25/24,California,CA 144,Dairy Milking Cows,Cattle,
10/25/24,California,CA 145,Dairy Milking Cows,Cattle,
10/25/24,California,CA 146,Dairy Milking Cows,Cattle,
10/25/24,California,CA 162,Dairy Milking Cows,Cattle,
10/25/24,California,CA 163,Dairy Milking Cows,Cattle,
10/25/24,California,CA 164,Dairy Milking Cows,Cattle,
10/25/24,California,CA 165,Dairy Milking Cows,Cattle,
10/25/24,California,CA 166,Dairy Milking Cows,Cattle,
10/25/24,California,CA 167,Dairy Milking Cows,Cattle,
10/25/24,California,CA 169,Dairy Milking Cows,Cattle,
10/25/24,California,CA 170,Dairy Milking Cows,Cattle,
10/25/24,California,CA 171,Dairy Milking Cows,Cattle,
10/25/24,California,CA 172,Dairy Milking Cows,Cattle,
10/25/24,California,CA 173,Dairy Milking Cows,Cattle,
10/25/24,California,CA 174,Dairy Milking Cows,Cattle,
10/25/24,California,CA 175,Dairy Milking Cows,Cattle,
10/25/24,California,CA 176,Dairy Milking Cows,Cattle,
10/25/24,California,CA 190,Dairy Milking Cows,Cattle,
10/25/24,California,CA 191,Dairy Milking Cows,Cattle,
10/25/24,California,CA 192,Dairy Milking Cows,Cattle,
10/25/24,California,CA 193,Dairy Milking Cows,Cattle,
10/25/24,California,CA 194,Dairy Milking Cows,Cattle,
10/25/24,California,CA 204,Dairy Milking Cows,Cattle,
10/24/24,California,CA 143,Dairy Milking Cows,Cattle,
10/24/24,California,CA 148,Dairy Milking Cows,Cattle,
10/24/24,California,CA 149,Dairy Milking Cows,Cattle,
10/24/24,California,CA 150,Dairy Milking Cows,Cattle,
10/24/24,California,CA 151,Dairy Milking Cows,Cattle,
10/24/24,California,CA 153,Dairy Milking Cows,Cattle,
10/24/24,California,CA 154,Dairy Milking Cows,Cattle,
10/24/24,California,CA 155,Dairy Milking Cows,Cattle,
10/24/24,California,CA 156,Dairy Milking Cows,Cattle,
10/24/24,California,CA 157,Dairy Milking Cows,Cattle,
10/24/24,California,CA 158,Dairy Milking Cows,Cattle,
10/24/24,California,CA 159,Dairy Milking Cows,Cattle,
10/24/24,California,CA 168,Dairy Milking Cows,Cattle,
10/24/24,California,CA 178,Dairy Milking Cows,Cattle,
10/24/24,California,CA 179,Dairy Milking Cows,Cattle,
10/24/24,California,CA 181,Dairy Milking Cows,Cattle,
10/24/24,California,CA 183,Dairy Milking Cows,Cattle,
10/24/24,California,CA 184,Dairy Milking Cows,Cattle,
10/24/24,California,CA 185,Dairy Milking Cows,Cattle,
10/24/24,California,CA 186,Dairy Milking Cows,Cattle,
10/24/24,California,CA 187,Dairy Milking Cows,Cattle,
10/24/24,California,CA 188,Dairy Milking Cows,Cattle,
10/24/24,California,CA 189,Dairy Milking Cows,Cattle,
10/24/24,California,CA 208,Dairy Milking Cows,Cattle,
10/22/24,California,CA 152,Dairy Milking Cows,Cattle,
10/22/24,California,CA 160,Dairy Milking Cows,Cattle,
10/22/24,California,CA 161,Dairy Milking Cows,Cattle,
10/22/24,Idaho,ID 038,Dairy Milking Cows,Cattle,
10/21/24,California,CA 139,Dairy Milking Cows,Cattle,
10/21/24,Idaho,ID 037,Dairy Milking Cows,Cattle,
10/17/24,California,CA 137,Dairy Milking Cows,Cattle,
10/17/24,California,CA 138,Dairy Milking Cows,Cattle,
10/16/24,California,CA 116,Dairy Milking Cows,Cattle,
10/16/24,California,CA 130,Dairy Milking Cows,Cattle,
10/16/24,California,CA 131,Dairy Milking Cows,Cattle,
10/16/24,California,CA 132,Dairy Milking Cows,Cattle,
10/16/24,California,CA 133,Dairy Milking Cows,Cattle,
10/16/24,California,CA 134,Dairy Milking Cows,Cattle,
10/16/24,California,CA 135,Dairy Milking Cows,Cattle,
10/16/24,California,CA 136,Dairy Milking Cows,Cattle,
10/16/24,California,CA 147,Dairy Milking Cows,Cattle,
10/15/24,California,CA 110,Dairy Milking Cows,Cattle,
10/15/24,California,CA 111,Dairy Milking Cows,Cattle,
10/15/24,California,CA 112,Dairy Milking Cows,Cattle,
10/15/24,California,CA 113,Dairy Milking Cows,Cattle,
10/15/24,California,CA 114,Dairy Milking Cows,Cattle,
10/15/24,California,CA 115,Dairy Milking Cows,Cattle,
10/15/24,California,CA 118,Dairy Milking Cows,Cattle,
10/15/24,California,CA 119,Dairy Milking Cows,Cattle,
10/15/24,California,CA 120,Dairy Milking Cows,Cattle,
10/15/24,California,CA 121,Dairy Milking Cows,Cattle,
10/15/24,California,CA 122,Dairy Milking Cows,Cattle,
10/15/24,California,CA 123,Dairy Milking Cows,Cattle,
10/15/24,California,CA 124,Dairy Milking Cows,Cattle,
10/15/24,California,CA 125,Dairy Milking Cows,Cattle,
10/15/24,California,CA 126,Dairy Milking Cows,Cattle,
10/15/24,California,CA 127,Dairy Milking Cows,Cattle,
10/15/24,California,CA 128,Dairy Milking Cows,Cattle,
10/15/24,California,CA 129,Dairy Milking Cows,Cattle,
10/10/24,California,CA 104,Dairy Milking Cows,Cattle,
10/10/24,California,CA 105,Dairy Milking Cows,Cattle,
10/10/24,California,CA 107,Dairy Milking Cows,Cattle,
10/10/24,California,CA 108,Dairy Milking Cows,Cattle,
10/10/24,California,CA 109,Dairy Milking Cows,Cattle,
10/9/24,California,CA 054,Dairy Milking Cows,Cattle,
10/8/24,California,CA 099,Dairy Milking Cows,Cattle,
10/8/24,California,CA 102,Dairy Milking Cows,Cattle,
10/8/24,California,CA 103,Dairy Milking Cows,Cattle,
10/7/24,California,CA 084,Dairy Milking Cows,Cattle,
10/7/24,California,CA 085,Dairy Milking Cows,Cattle,
10/7/24,California,CA 086,Dairy Milking Cows,Cattle,
10/7/24,California,CA 087,Dairy Milking Cows,Cattle,
10/7/24,California,CA 088,Dairy Milking Cows,Cattle,
10/7/24,California,CA 089,Dairy Milking Cows,Cattle,
10/7/24,California,CA 090,Dairy Milking Cows,Cattle,
10/7/24,California,CA 091,Dairy Milking Cows,Cattle,
10/7/24,California,CA 093,Dairy Milking Cows,Cattle,
10/7/24,California,CA 094,Dairy Milking Cows,Cattle,
10/7/24,California,CA 095,Dairy Milking Cows,Cattle,
10/7/24,California,CA 097,Dairy Milking Cows,Cattle,
10/7/24,California,CA 098,Dairy Milking Cows,Cattle,
10/4/24,California,CA 059,Dairy Milking Cows,Cattle,
10/4/24,California,CA 075,Dairy Milking Cows,Cattle,
10/4/24,California,CA 076,Dairy Milking Cows,Cattle,
10/4/24,California,CA 077,Dairy Milking Cows,Cattle,
10/4/24,California,CA 078,Dairy Milking Cows,Cattle,
10/4/24,California,CA 079,Dairy Milking Cows,Cattle,
10/4/24,California,CA 080,Dairy Milking Cows,Cattle,
10/4/24,California,CA 081,Dairy Milking Cows,Cattle,
10/4/24,California,CA 082,Dairy Milking Cows,Cattle,
10/4/24,California,CA 083,Dairy Milking Cows,Cattle,
10/4/24,California,CA 100,Dairy Milking Cows,Cattle,
10/4/24,California,CA 101,Dairy Milking Cows,Cattle,
10/3/24,California,CA 060,Dairy Milking Cows,Cattle,
10/3/24,California,CA 061,Dairy Milking Cows,Cattle,
10/3/24,California,CA 062,Dairy Milking Cows,Cattle,
10/3/24,California,CA 063,Dairy Milking Cows,Cattle,
10/3/24,California,CA 064,Dairy Milking Cows,Cattle,
10/3/24,California,CA 065,Dairy Milking Cows,Cattle,
10/3/24,California,CA 066,Dairy Milking Cows,Cattle,
10/3/24,California,CA 067,Dairy Milking Cows,Cattle,
10/3/24,California,CA 068,Dairy Milking Cows,Cattle,
10/3/24,California,CA 069,Dairy Milking Cows,Cattle,
10/3/24,California,CA 070,Dairy Milking Cows,Cattle,
10/3/24,California,CA 071,Dairy Milking Cows,Cattle,
10/3/24,California,CA 072,Dairy Milking Cows,Cattle,
10/3/24,California,CA 073,Dairy Milking Cows,Cattle,
10/3/24,California,CA 074,Dairy Milking Cows,Cattle,
10/2/24,California,CA 048,Dairy Milking Cows,Cattle,
10/1/24,California,CA 043,Dairy Milking Cows,Cattle,
10/1/24,California,CA 047,Dairy Milking Cows,Cattle,
10/1/24,California,CA 049,Dairy Milking Cows,Cattle,
10/1/24,California,CA 050,Dairy Milking Cows,Cattle,
10/1/24,California,CA 051,Dairy Milking Cows,Cattle,
10/1/24,California,CA 052,Dairy Milking Cows,Cattle,
10/1/24,California,CA 053,Dairy Milking Cows,Cattle,
10/1/24,California,CA 055,Dairy Milking Cows,Cattle,
10/1/24,California,CA 056,Dairy Milking Cows,Cattle,
10/1/24,California,CA 057,Dairy Milking Cows,Cattle,
10/1/24,California,CA 058,Dairy Milking Cows,Cattle,
9/30/24,Idaho,ID 036,Dairy Milking Cows,Cattle,
9/27/24,California,CA 044,Dairy Milking Cows,Cattle,
9/27/24,California,CA 045,Dairy Milking Cows,Cattle,
9/27/24,California,CA 046,Dairy Milking Cows,Cattle,
9/27/24,Idaho,ID 035,Dairy Milking Cows,Cattle,
9/24/24,California,CA 015,Dairy Milking Cows,Cattle,
9/23/24,California,CA 037,Dairy Milking Cows,Cattle,
9/23/24,California,CA 038,Dairy Milking Cows,Cattle,
9/23/24,California,CA 039,Dairy Milking Cows,Cattle,
9/23/24,California,CA 040,Dairy Milking Cows,Cattle,
9/23/24,California,CA 041,Dairy Milking Cows,Cattle,
9/23/24,California,CA 042,Dairy Milking Cows,Cattle,
9/20/24,California,CA 018,Dairy Milking Cows,Cattle,
9/20/24,California,CA 019,Dairy Milking Cows,Cattle,
9/20/24,California,CA 020,Dairy Milking Cows,Cattle,
9/20/24,California,CA 021,Dairy Milking Cows,Cattle,
9/20/24,California,CA 022,Dairy Milking Cows,Cattle,
9/20/24,California,CA 023,Dairy Milking Cows,Cattle,
9/20/24,California,CA 024,Dairy Milking Cows,Cattle,
9/20/24,California,CA 025,Dairy Milking Cows,Cattle,
9/20/24,California,CA 026,Dairy Milking Cows,Cattle,
9/20/24,California,CA 027,Dairy Milking Cows,Cattle,
9/20/24,California,CA 029,Dairy Milking Cows,Cattle,
9/20/24,California,CA 030,Dairy Milking Cows,Cattle,
9/20/24,California,CA 031,Dairy Milking Cows,Cattle,
9/20/24,California,CA 032,Dairy Milking Cows,Cattle,
9/20/24,California,CA 033,Dairy Milking Cows,Cattle,
9/20/24,California,CA 034,Dairy Milking Cows,Cattle,
9/20/24,California,CA 035,Dairy Milking Cows,Cattle,
9/20/24,California,CA 036,Dairy Milking Cows,Cattle,
9/18/24,California,CA 011,Dairy Milking Cows,Cattle,
9/18/24,California,CA 012,Dairy Milking Cows,Cattle,
9/18/24,California,CA 013,Dairy Milking Cows,Cattle,
9/18/24,California,CA 014,Dairy Milking Cows,Cattle,
9/18/24,California,CA 016,Dairy Milking Cows,Cattle,
9/18/24,California,CA 017,Dairy Milking Cows,Cattle,
9/13/24,California,CA 009,Dairy Milking Cows,Cattle,
9/13/24,California,CA 010,Dairy Milking Cows,Cattle,
9/12/24,Idaho,ID 034,Dairy Milking Cows,Cattle,
9/12/24,Texas,TX 026,Dairy Milking Cows,Cattle,
9/11/24,Texas,TX 025,Dairy Milking Cows,Cattle,
9/10/24,California,CA 007,Dairy Milking Cows,Cattle,
9/10/24,California,CA 008,Dairy Milking Cows,Cattle,
9/9/24,California,CA 004,Dairy Milking Cows,Cattle,
9/9/24,California,CA 005,Dairy Milking Cows,Cattle,
9/9/24,California,CA 006,Dairy Milking Cows,Cattle,
9/9/24,Michigan,MI 029,Dairy Milking Cows,Cattle,
8/30/24,California,CA 001,Dairy Milking Cows,Cattle,
8/30/24,California,CA 002,Dairy Milking Cows,Cattle,
8/30/24,California,CA 003,Dairy Milking Cows,Cattle,
8/28/24,New Mexico,NM 009,Dairy Milking Cows,Cattle,
8/26/24,Michigan,MI 028,Dairy Milking Cows,Cattle,
8/13/24,Colorado,CO 064,Dairy Milking Cows,Cattle,
8/13/24,Idaho,ID 033,Dairy Milking Cows,Cattle,
8/6/24,Colorado,CO 056,Dairy Milking Cows,Cattle,
8/5/24,Colorado,CO 053,Dairy Milking Cows,Cattle,
8/5/24,Colorado,CO 054,Dairy Milking Cows,Cattle,
8/5/24,Colorado,CO 055,Dairy Milking Cows,Cattle,
8/5/24,Colorado,CO 057,Dairy Milking Cows,Cattle,
8/5/24,Colorado,CO 058,Dairy Milking Cows,Cattle,
8/5/24,Colorado,CO 059,Dairy Milking Cows,Cattle,
8/5/24,Colorado,CO 060,Dairy Milking Cows,Cattle,
8/5/24,Colorado,CO 061,Dairy Milking Cows,Cattle,
8/5/24,Colorado,CO 062,Dairy Milking Cows,Cattle,
8/5/24,Colorado,CO 063,Dairy Milking Cows,Cattle,
8/1/24,Texas,TX 024,Dairy Milking Cows,Cattle,
7/31/24,Colorado,CO 042,Dairy Milking Cows,Cattle,
7/31/24,South Dakota,SD 006,Dairy Milking Cows,Cattle,
7/31/24,South Dakota,SD 007,Dairy Milking Cows,Cattle,
7/30/24,Michigan,MI 027,Dairy Milking Cows,Cattle,
7/30/24,Texas,TX 023,Dairy Milking Cows,Cattle,
7/29/24,Colorado,CO 052,Dairy Milking Cows,Cattle,
7/23/24,Colorado,CO 050,Dairy Milking Cows,Cattle,
7/23/24,Colorado,CO 051,Dairy Milking Cows,Cattle,
7/22/24,Colorado,CO 048,Dairy Milking Cows,Cattle,
7/22/24,Colorado,CO 049,Dairy Milking Cows,Cattle,
7/19/24,Colorado,CO 046,Dairy Milking Cows,Cattle,
7/19/24,Colorado,CO 047,Dairy Milking Cows,Cattle,
7/19/24,Minnesota,MN 010,Dairy Milking Cows,Cattle,
7/18/24,Colorado,CO 038,Dairy Milking Cows,Cattle,
7/18/24,Colorado,CO 045,Dairy Milking Cows,Cattle,
7/16/24,Colorado,CO 040,Dairy Milking Cows,Cattle,
7/16/24,Colorado,CO 044,Dairy Milking Cows,Cattle,
7/15/24,Colorado,CO 039,Dairy Milking Cows,Cattle,
7/15/24,Colorado,CO 041,Dairy Milking Cows,Cattle,
7/15/24,Colorado,CO 043,Dairy Milking Cows,Cattle,
7/12/24,Colorado,CO 037,Dairy Milking Cows,Cattle,
7/11/24,Colorado,CO 036,Dairy Milking Cows,Cattle,
7/11/24,Idaho,ID 031,Dairy Milking Cows,Cattle,
7/11/24,Idaho,ID 032,Dairy Milking Cows,Cattle,
7/11/24,Oklahoma,OK 001,Dairy Milking Cows,Cattle,
7/11/24,Oklahoma,OK 002,Dairy Milking Cows,Cattle,
7/10/24,Colorado,CO 031,Dairy Milking Cows,Cattle,
7/10/24,Colorado,CO 032,Dairy Milking Cows,Cattle,
7/10/24,Colorado,CO 033,Dairy Milking Cows,Cattle,
7/10/24,Colorado,CO 034,Dairy Milking Cows,Cattle,
7/10/24,Colorado,CO 035,Dairy Milking Cows,Cattle,
7/10/24,Minnesota,MN 009,Dairy Milking Cows,Cattle,
7/9/24,Iowa,IA 012,Dairy Milking Cows,Cattle,
7/8/24,Colorado,CO 028,Dairy Milking Cows,Cattle,
7/8/24,Colorado,CO 029,Dairy Milking Cows,Cattle,
7/8/24,Colorado,CO 030,Dairy Milking Cows,Cattle,
7/8/24,Michigan,MI 026,Dairy Milking Cows,Cattle,
7/8/24,Texas,TX 022,Dairy Milking Cows,Cattle,
7/2/24,Minnesota,MN 008,Dairy Milking Cows,Cattle,
7/1/24,Colorado,CO 027,Dairy Milking Cows,Cattle,
6/28/24,Colorado,CO 017,Dairy Milking Cows,Cattle,
6/28/24,Colorado,CO 024,Dairy Milking Cows,Cattle,
6/28/24,Colorado,CO 025,Dairy Milking Cows,Cattle,
6/28/24,Colorado,CO 026,Dairy Milking Cows,Cattle,
6/28/24,Iowa,IA 013,Dairy Milking Cows,Cattle,
6/25/24,Colorado,CO 022,Dairy Milking Cows,Cattle,
6/25/24,Colorado,CO 023,Dairy Milking Cows,Cattle,
6/25/24,Iowa,IA 011,Dairy Milking Cows,Cattle,
6/24/24,Colorado,CO 020,Dairy Milking Cows,Cattle,
6/24/24,Colorado,CO 021,Dairy Milking Cows,Cattle,
6/24/24,Iowa,IA 010,Dairy Milking Cows,Cattle,
6/21/24,Colorado,CO 013,Dairy Milking Cows,Cattle,
6/21/24,Colorado,CO 014,Dairy Milking Cows,Cattle,
6/21/24,Colorado,CO 015,Dairy Milking Cows,Cattle,
6/21/24,Colorado,CO 016,Dairy Milking Cows,Cattle,
6/21/24,Colorado,CO 018,Dairy Milking Cows,Cattle,
6/21/24,Iowa,IA 008,Dairy Milking Cows,Cattle,
6/21/24,Iowa,IA 009,Dairy Milking Cows,Cattle,
6/20/24,Colorado,CO 019,Dairy Milking Cows,Cattle,
6/20/24,Idaho,ID 029,Dairy Milking Cows,Cattle,
6/18/24,Colorado,CO 011,Dairy Milking Cows,Cattle,
6/18/24,Colorado,CO 012,Dairy Milking Cows,Cattle,
6/18/24,Iowa,IA 006,Dairy Milking Cows,Cattle,
6/18/24,Iowa,IA 007,Dairy Milking Cows,Cattle,
6/18/24,Minnesota,MN 005,Dairy Milking Cows,Cattle,
6/18/24,Minnesota,MN 006,Dairy Milking Cows,Cattle,
6/18/24,Minnesota,MN 007,Dairy Milking Cows,Cattle,
6/17/24,Idaho,ID 025,Dairy Milking Cows,Cattle,
6/17/24,Idaho,ID 026,Dairy Milking Cows,Cattle,
6/17/24,Idaho,ID 027,Dairy Milking Cows,Cattle,
6/17/24,Iowa,IA 004,Dairy Milking Cows,Cattle,
6/17/24,Iowa,IA 005,Dairy Milking Cows,Cattle,
6/17/24,Texas,TX 020,Dairy Milking Cows,Cattle,
6/17/24,Texas,TX 021,Dairy Milking Cows,Cattle,
6/13/24,Colorado,CO 007,Dairy Milking Cows,Cattle,
6/13/24,Colorado,CO 008,Dairy Milking Cows,Cattle,
6/13/24,Colorado,CO 009,Dairy Milking Cows,Cattle,
6/13/24,Colorado,CO 010,Dairy Milking Cows,Cattle,
6/13/24,Iowa,IA 003,Dairy Milking Cows,Cattle,
6/12/24,Colorado,CO 006,Dairy Milking Cows,Cattle,
6/11/24,Michigan,MI 025,Dairy Milking Cows,Cattle,
6/10/24,Colorado,CO 005,Dairy Milking Cows,Cattle,
6/10/24,Idaho,ID 021,Dairy Milking Cows,Cattle,
6/10/24,Idaho,ID 023,Dairy Milking Cows,Cattle,
6/10/24,Idaho,ID 024,Dairy Milking Cows,Cattle,
6/10/24,Iowa,IA 002,Dairy Milking Cows,Cattle,
6/7/24,Iowa,IA 001,Dairy Milking Cows,Cattle,
6/7/24,Minnesota,MN 004,Dairy Milking Cows,Cattle,
6/6/24,Idaho,ID 020,Dairy Milking Cows,Cattle,
6/6/24,Minnesota,MN 003,Dairy Milking Cows,Cattle,
6/6/24,Wyoming,WY 001,Dairy Milking Cows,Cattle,
6/5/24,Minnesota,MN 002,Dairy Milking Cows,Cattle,
6/4/24,Texas,TX 019,Dairy Milking Cows,Cattle,
6/3/24,Idaho,ID 019,Dairy Milking Cows,Cattle,
6/3/24,Texas,TX 017,Dairy Milking Cows,Cattle,
6/3/24,Texas,TX 018,Dairy Milking Cows,Cattle,
5/31/24,Michigan,MI 024,Dairy Milking Cows,Cattle,
5/31/24,South Dakota,SD 005,Dairy Milking Cows,Cattle,
5/31/24,Texas,TX 016,Dairy Milking Cows,Cattle,
5/30/24,Idaho,ID 011,Dairy Milking Cows,Cattle,
5/30/24,Idaho,ID 012,Dairy Milking Cows,Cattle,
5/30/24,Idaho,ID 013,Dairy Milking Cows,Cattle,
5/30/24,Idaho,ID 014,Dairy Milking Cows,Cattle,
5/30/24,Idaho,ID 015,Dairy Milking Cows,Cattle,
5/30/24,Idaho,ID 016,Dairy Milking Cows,Cattle,
5/30/24,Idaho,ID 017,Dairy Milking Cows,Cattle,
5/30/24,Idaho,ID 018,Dairy Milking Cows,Cattle,
5/30/24,Idaho,ID 028,Dairy Milking Cows,Cattle,
5/29/24,Michigan,MI 023,Dairy Milking Cows,Cattle,
5/28/24,Michigan,MI 021,Dairy Milking Cows,Cattle,
5/28/24,Michigan,MI 022,Dairy Milking Cows,Cattle,
5/24/24,Idaho,ID 010,Dairy Milking Cows,Cattle,
5/23/24,Michigan,MI 019,Dairy Milking Cows,Cattle,
5/23/24,South Dakota,SD 004,Dairy Milking Cows,Cattle,
5/23/24,Texas,TX 015,Dairy Milking Cows,Cattle,
5/22/24,Colorado,CO 003,Dairy Milking Cows,Cattle,
5/22/24,Colorado,CO 004,Dairy Milking Cows,Cattle,
5/22/24,Michigan,MI 016,Dairy Milking Cows,Cattle,
5/22/24,Michigan,MI 017,Dairy Milking Cows,Cattle,
5/22/24,Michigan,MI 018,Dairy Milking Cows,Cattle,
5/22/24,Michigan,MI 020,Dairy Milking Cows,Cattle,
5/21/24,Idaho,ID 008,Dairy Milking Cows,Cattle,
5/21/24,Idaho,ID 009,Dairy Milking Cows,Cattle,
5/20/24,South Dakota,SD 002,Dairy Milking Cows,Cattle,
5/20/24,Texas,TX 014,Dairy Milking Cows,Cattle,
5/17/24,South Dakota,SD 003,Dairy Milking Cows,Cattle,
5/16/24,Idaho,ID 006,Dairy Milking Cows,Cattle,
5/16/24,Idaho,ID 007,Backyard Producer,Alpaca,
5/16/24,Michigan,MI 015,Dairy Milking Cows,Cattle,
5/14/24,Idaho,ID 005,Dairy Milking Cows,Cattle,
5/14/24,Michigan,MI 013,Dairy Milking Cows,Cattle,
5/14/24,Michigan,MI 014,Dairy Milking Cows,Cattle,
5/11/24,Michigan,MI 011,Dairy Milking Cows,Cattle,
5/11/24,Michigan,MI 012,Dairy Milking Cows,Cattle,
5/10/24,Idaho,ID 004,Dairy Milking Cows,Cattle,
5/9/24,Texas,TX 013,Dairy Milking Cows,Cattle,
5/8/24,Colorado,CO 002,Dairy Milking Cows,Cattle,
5/8/24,Michigan,MI 007,Dairy Milking Cows,Cattle,
5/8/24,Michigan,MI 008,Dairy Milking Cows,Cattle,
5/8/24,Michigan,MI 009,Dairy Milking Cows,Cattle,
5/8/24,Michigan,MI 010,Dairy Milking Cows,Cattle,
5/7/24,Idaho,ID 003,Dairy Milking Cows,Cattle,
4/25/24,Colorado,CO 001,Dairy Milking Cows,Cattle,
4/19/24,Idaho,ID 002,Dairy Milking Cows,Cattle,
4/17/24,Kansas,KS 004,Dairy Milking Cows,Cattle,
4/17/24,Michigan,MI 006,Dairy Milking Cows,Cattle,
4/17/24,New Mexico,NM 008,Dairy Milking Cows,Cattle,
4/17/24,Texas,TX 006,Dairy Milking Cows,Cattle,
4/15/24,Michigan,MI 005,Dairy Milking Cows,Cattle,
4/12/24,Michigan,MI 003,Dairy Milking Cows,Cattle,
4/12/24,Michigan,MI 004,Dairy Milking Cows,Cattle,
4/10/24,New Mexico,NM 007,Dairy Milking Cows,Cattle,
4/10/24,Texas,TX 012,Dairy Milking Cows,Cattle,
4/9/24,New Mexico,NM 006,Dairy Milking Cows,Cattle,
4/9/24,North Carolina,NC 001,Dairy Milking Cows,Cattle,
4/9/24,South Dakota,SD 001,Dairy Milking Cows,Cattle,
4/9/24,Texas,TX 003,Dairy Milking Cows,Cattle,
4/6/24,New Mexico,NM 003,Dairy Milking Cows,Cattle,
4/6/24,New Mexico,NM 004,Dairy Milking Cows,Cattle,
4/6/24,New Mexico,NM 005,Dairy Milking Cows,Cattle,
4/5/24,Michigan,MI 002,Dairy Milking Cows,Cattle,
4/4/24,Texas,TX 010,Dairy Milking Cows,Cattle,
4/4/24,Texas,TX 011,Dairy Milking Cows,Cattle,
4/2/24,Idaho,ID 001,Dairy Milking Cows,Cattle,
4/2/24,Ohio,OH 001,Dairy Milking Cows,Cattle,
4/1/24,Kansas,KS 003,Dairy Milking Cows,Cattle,
4/1/24,New Mexico,NM 001,Dairy Milking Cows,Cattle,
4/1/24,New Mexico,NM 002,Dairy Milking Cows,Cattle,
3/30/24,Texas,TX 008,Dairy Milking Cows,Cattle,
3/30/24,Texas,TX 009,Dairy Milking Cows,Cattle,
3/29/24,Michigan,MI 001,Dairy Milking Cows,Cattle,
3/27/24,Texas,TX 001,Dairy Milking Cows,Cattle,
3/27/24,Texas,TX 005,Dairy Milking Cows,Cattle,
3/27/24,Texas,TX 007,Dairy Milking Cows,Cattle,
3/26/24,Kansas,KS 001,Dairy Milking Cows,Cattle,
3/26/24,Kansas,KS 002,Dairy Milking Cows,Cattle,
3/26/24,Texas,TX 004,Dairy Milking Cows,Cattle,
3/25/24,Texas,TX 002,Dairy Milking Cows,Cattle,