WHO region,ITZ,COUNTRY/AREA/TERRITORY,COUNTRY_CODE,ORIGIN_SOURCE,ISO_YEAR,ISO_WEEK,ISO_SDATE,SPEC_RECEIVED_NB,SPEC_PROCESSED_NB,AH1,AH1N12009,AH3,AH5,ANOTSUBTYPED,INF_A,BVIC,BYAM,BNOTDETERMINED,INF_B,INF_ALL,INF_NEGATIVE,ILI_ACTIVITY
AMR,North America,United States of America,USA,SENTINEL,2015,41,2015-10-05T07:00:00.000Z,1139,1139,,4,65,,2,71,,1,10,11,82,1057,1
AMR,North America,United States of America,USA,SENTINEL,2015,42,2015-10-12T07:00:00.000Z,1152,1152,,5,41,,2,48,3,0,7,10,58,1094,1
AMR,North America,United States of America,USA,SENTINEL,2015,43,2015-10-19T07:00:00.000Z,1198,1198,,10,50,,1,61,3,2,8,13,74,1124,1
AMR,North America,United States of America,USA,SENTINEL,2015,44,2015-10-26T07:00:00.000Z,1244,1244,,9,31,,4,44,1,4,9,14,58,1186,1
AMR,North America,United States of America,USA,SENTINEL,2015,45,2015-11-02T08:00:00.000Z,1465,1465,,4,23,,4,31,1,4,9,14,45,1420,1
AMR,North America,United States of America,USA,SENTINEL,2015,46,2015-11-09T08:00:00.000Z,1393,1393,,11,34,,1,46,4,2,10,16,62,1331,1
AMR,North America,United States of America,USA,SENTINEL,2015,47,2015-11-16T08:00:00.000Z,1458,1458,,17,42,,1,60,,4,4,8,68,1390,1
AMR,North America,United States of America,USA,SENTINEL,2015,48,2015-11-23T08:00:00.000Z,1157,1157,,17,24,,0,41,3,9,4,16,57,1100,1
AMR,North America,United States of America,USA,SENTINEL,2015,49,2015-11-30T08:00:00.000Z,1550,1550,,27,36,,3,66,3,12,9,24,90,1460,1
AMR,North America,United States of America,USA,SENTINEL,2015,50,2015-12-07T08:00:00.000Z,1518,1518,,38,37,,3,78,2,11,11,24,102,1416,1
AMR,North America,United States of America,USA,SENTINEL,2015,51,2015-12-14T08:00:00.000Z,1475,1475,,69,39,,0,108,4,19,10,33,141,1334,1
AMR,North America,United States of America,USA,SENTINEL,2015,52,2015-12-21T08:00:00.000Z,1245,1245,,89,33,,1,123,3,28,12,43,166,1079,1
AMR,North America,United States of America,USA,SENTINEL,2015,53,2015-12-28T08:00:00.000Z,1485,1485,,146,56,,1,203,9,35,13,57,260,1225,1
AMR,North America,United States of America,USA,SENTINEL,2016,1,2016-01-04T08:00:00.000Z,1841,1841,,232,68,,2,302,12,52,14,78,380,1461,1
AMR,North America,United States of America,USA,SENTINEL,2016,2,2016-01-11T08:00:00.000Z,1748,1748,,256,89,,5,350,23,60,47,130,480,1268,1
AMR,North America,United States of America,USA,SENTINEL,2016,3,2016-01-18T08:00:00.000Z,1946,1946,,361,100,,13,474,25,83,45,153,627,1319,1
AMR,North America,United States of America,USA,SENTINEL,2016,4,2016-01-25T08:00:00.000Z,2568,2568,,526,160,,15,701,28,104,97,229,930,1638,1
AMR,North America,United States of America,USA,SENTINEL,2016,5,2016-02-01T08:00:00.000Z,2727,2727,,672,171,,13,856,62,143,98,303,1159,1568,1
AMR,North America,United States of America,USA,SENTINEL,2016,6,2016-02-08T08:00:00.000Z,3202,3202,,891,236,,17,1144,71,206,161,438,1582,1620,1
AMR,North America,United States of America,USA,SENTINEL,2016,7,2016-02-15T08:00:00.000Z,3898,3898,,1340,256,,19,1615,103,309,179,591,2206,1692,1
AMR,North America,United States of America,USA,SENTINEL,2016,8,2016-02-22T08:00:00.000Z,4551,4551,,1672,232,,28,1932,156,383,215,754,2686,1865,1
AMR,North America,United States of America,USA,SENTINEL,2016,9,2016-02-29T08:00:00.000Z,4687,4687,,1886,313,,32,2231,143,347,211,701,2932,1755,1
AMR,North America,United States of America,USA,SENTINEL,2016,10,2016-03-07T08:00:00.000Z,5095,5095,,2173,313,,47,2533,162,333,246,741,3274,1821,1
AMR,North America,United States of America,USA,SENTINEL,2016,11,2016-03-14T07:00:00.000Z,4111,4111,,1514,213,,24,1751,154,278,185,617,2368,1743,1
AMR,North America,United States of America,USA,SENTINEL,2016,12,2016-03-21T07:00:00.000Z,3357,3357,,1058,198,,19,1275,117,207,185,509,1784,1573,1
AMR,North America,United States of America,USA,SENTINEL,2016,13,2016-03-28T07:00:00.000Z,3071,3071,,807,180,,33,1020,127,211,208,546,1566,1505,1
AMR,North America,United States of America,USA,SENTINEL,2016,14,2016-04-04T07:00:00.000Z,2403,2403,,534,135,,33,702,106,163,173,442,1144,1259,1
AMR,North America,United States of America,USA,SENTINEL,2016,15,2016-04-11T07:00:00.000Z,2090,2090,,383,117,,16,516,88,162,148,398,914,1176,1
AMR,North America,United States of America,USA,SENTINEL,2016,16,2016-04-18T07:00:00.000Z,1816,1816,,276,127,,16,419,86,163,158,407,826,990,1
AMR,North America,United States of America,USA,SENTINEL,2016,17,2016-04-25T07:00:00.000Z,1491,1491,,167,98,,5,270,78,119,94,291,561,930,1
AMR,North America,United States of America,USA,SENTINEL,2016,18,2016-05-02T07:00:00.000Z,1125,1125,,77,59,,2,138,53,82,80,215,353,772,1
AMR,North America,United States of America,USA,SENTINEL,2016,19,2016-05-09T07:00:00.000Z,1019,1019,,53,62,,2,117,36,71,53,160,277,742,1
AMR,North America,United States of America,USA,SENTINEL,2016,20,2016-05-16T07:00:00.000Z,816,816,,35,77,,4,116,14,50,44,108,224,592,1
AMR,North America,United States of America,USA,SENTINEL,2016,21,2016-05-23T07:00:00.000Z,639,639,,16,44,,2,62,22,32,30,84,146,493,1
AMR,North America,United States of America,USA,SENTINEL,2016,22,2016-05-30T07:00:00.000Z,482,482,,4,13,,1,18,14,35,24,73,91,391,1
AMR,North America,United States of America,USA,SENTINEL,2016,23,2016-06-06T07:00:00.000Z,464,464,,5,15,,1,21,6,17,14,37,58,406,1
AMR,North America,United States of America,USA,SENTINEL,2016,24,2016-06-13T07:00:00.000Z,424,424,,7,18,,0,25,6,10,6,22,47,377,1
AMR,North America,United States of America,USA,SENTINEL,2016,25,2016-06-20T07:00:00.000Z,320,320,,5,22,,0,27,9,11,10,30,57,263,1
AMR,North America,United States of America,USA,SENTINEL,2016,26,2016-06-27T07:00:00.000Z,325,325,,3,18,,3,24,6,9,4,19,43,282,1
AMR,North America,United States of America,USA,SENTINEL,2016,27,2016-07-04T07:00:00.000Z,271,271,,2,18,,0,20,5,9,5,19,39,232,1
AMR,North America,United States of America,USA,SENTINEL,2016,28,2016-07-11T07:00:00.000Z,291,291,,1,21,,1,23,2,11,3,16,39,252,1
AMR,North America,United States of America,USA,SENTINEL,2016,29,2016-07-18T07:00:00.000Z,297,297,,2,18,,1,21,,10,4,14,35,262,1
AMR,North America,United States of America,USA,SENTINEL,2016,30,2016-07-25T07:00:00.000Z,298,298,,2,38,,0,40,2,10,2,14,54,243,1
AMR,North America,United States of America,USA,SENTINEL,2016,31,2016-08-01T07:00:00.000Z,351,351,,1,45,,2,48,1,4,0,5,53,295,1
AMR,North America,United States of America,USA,SENTINEL,2016,32,2016-08-08T07:00:00.000Z,351,351,,6,28,,0,34,3,12,1,16,50,291,1
AMR,North America,United States of America,USA,SENTINEL,2016,33,2016-08-15T07:00:00.000Z,376,376,,1,29,,0,30,1,7,3,11,41,331,1
AMR,North America,United States of America,USA,SENTINEL,2016,34,2016-08-22T07:00:00.000Z,364,364,,5,28,,0,33,2,6,2,10,43,321,1
AMR,North America,United States of America,USA,SENTINEL,2016,35,2016-08-29T07:00:00.000Z,408,408,,7,33,,0,40,4,2,5,11,51,357,1
AMR,North America,United States of America,USA,SENTINEL,2016,36,2016-09-05T07:00:00.000Z,400,400,,3,45,,0,48,1,3,6,10,58,342,1
AMR,North America,United States of America,USA,SENTINEL,2016,37,2016-09-12T07:00:00.000Z,553,553,,8,55,,2,65,4,6,10,20,85,468,1
AMR,North America,United States of America,USA,SENTINEL,2016,38,2016-09-19T07:00:00.000Z,622,622,,6,77,,0,83,3,5,8,16,99,523,1
AMR,North America,United States of America,USA,SENTINEL,2016,39,2016-09-26T07:00:00.000Z,696,696,,5,73,,1,79,11,0,5,16,95,601,1
AMR,North America,United States of America,USA,SENTINEL,2016,40,2016-10-03T07:00:00.000Z,898,898,,9,87,,0,96,5,4,1,10,106,792,1
AMR,North America,United States of America,USA,SENTINEL,2016,41,2016-10-10T07:00:00.000Z,970,970,,11,81,,0,92,7,6,3,16,108,862,1
AMR,North America,United States of America,USA,SENTINEL,2016,42,2016-10-17T07:00:00.000Z,1140,1140,,12,134,,2,148,8,10,1,19,167,973,1
AMR,North America,United States of America,USA,SENTINEL,2016,43,2016-10-24T07:00:00.000Z,1168,1168,,13,130,,1,144,3,3,6,12,156,1012,1
AMR,North America,United States of America,USA,SENTINEL,2016,44,2016-10-31T07:00:00.000Z,1296,1296,,12,122,,3,137,10,7,3,20,157,1139,1
AMR,North America,United States of America,USA,SENTINEL,2016,45,2016-11-07T08:00:00.000Z,1275,1275,,5,155,,1,161,6,1,5,12,173,1102,1
AMR,North America,United States of America,USA,SENTINEL,2016,46,2016-11-14T08:00:00.000Z,1351,1351,,9,189,,2,200,7,1,13,21,221,1130,1
AMR,North America,United States of America,USA,SENTINEL,2016,47,2016-11-21T08:00:00.000Z,1098,1098,,5,164,,14,183,4,3,10,17,200,898,1
AMR,North America,United States of America,USA,SENTINEL,2016,48,2016-11-28T08:00:00.000Z,1713,1713,,13,318,,11,342,17,5,18,40,382,1331,1
AMR,North America,United States of America,USA,SENTINEL,2016,49,2016-12-05T08:00:00.000Z,1880,1880,,14,479,,3,496,20,7,3,30,526,1354,1
AMR,North America,United States of America,USA,SENTINEL,2016,50,2016-12-12T08:00:00.000Z,2244,2244,,18,750,,9,777,27,18,16,61,838,1406,1
AMR,North America,United States of America,USA,SENTINEL,2016,51,2016-12-19T08:00:00.000Z,2505,2505,,29,1016,,11,1056,38,28,16,82,1138,1367,1
AMR,North America,United States of America,USA,SENTINEL,2016,52,2016-12-26T08:00:00.000Z,3287,3287,,32,1676,,31,1739,59,37,13,109,1848,1439,1
AMR,North America,United States of America,USA,SENTINEL,2017,1,2017-01-02T08:00:00.000Z,3932,3932,,53,2067,,13,2133,47,60,19,126,2259,1673,1
AMR,North America,United States of America,USA,SENTINEL,2017,2,2017-01-09T08:00:00.000Z,4348,4348,,49,2210,,30,2289,49,76,25,150,2439,1909,1
AMR,North America,United States of America,USA,SENTINEL,2017,3,2017-01-16T08:00:00.000Z,4278,4278,,57,2253,,24,2334,69,104,26,199,2533,1745,1
AMR,North America,United States of America,USA,SENTINEL,2017,4,2017-01-23T08:00:00.000Z,4568,4568,,47,2431,,29,2507,71,123,30,224,2731,1837,1
AMR,North America,United States of America,USA,SENTINEL,2017,5,2017-01-30T08:00:00.000Z,5086,5086,,51,2596,,30,2677,96,182,50,328,3005,2081,1
AMR,North America,United States of America,USA,SENTINEL,2017,6,2017-02-06T08:00:00.000Z,5521,5521,,71,2975,,23,3069,126,240,47,413,3482,2039,1
AMR,North America,United States of America,USA,SENTINEL,2017,7,2017-02-13T08:00:00.000Z,5335,5335,,68,2617,,17,2702,152,300,104,556,3258,2077,1
AMR,North America,United States of America,USA,SENTINEL,2017,8,2017-02-20T08:00:00.000Z,5065,5065,,87,2364,,12,2463,159,357,89,605,3068,1997,1
AMR,North America,United States of America,USA,SENTINEL,2017,9,2017-02-27T08:00:00.000Z,3995,3995,,54,1492,,13,1559,149,358,102,609,2168,1827,1
AMR,North America,United States of America,USA,SENTINEL,2017,10,2017-03-06T08:00:00.000Z,3625,3625,,50,1256,,15,1321,138,389,107,634,1955,1670,1
AMR,North America,United States of America,USA,SENTINEL,2017,11,2017-03-13T07:00:00.000Z,3238,3238,,28,909,,11,948,141,440,124,705,1653,1585,1
AMR,North America,United States of America,USA,SENTINEL,2017,12,2017-03-20T07:00:00.000Z,3212,3212,,31,843,,4,878,193,523,124,840,1718,1494,1
AMR,North America,United States of America,USA,SENTINEL,2017,13,2017-03-27T07:00:00.000Z,3049,3049,,27,655,,3,685,143,576,218,937,1622,1427,1
AMR,North America,United States of America,USA,SENTINEL,2017,14,2017-04-03T07:00:00.000Z,2308,2308,,17,374,,4,395,117,450,133,700,1095,1213,1
AMR,North America,United States of America,USA,SENTINEL,2017,15,2017-04-10T07:00:00.000Z,1719,1719,,5,221,,1,227,66,383,81,530,757,962,1
AMR,North America,United States of America,USA,SENTINEL,2017,16,2017-04-17T07:00:00.000Z,1549,1549,,11,144,,2,157,54,250,81,385,542,1007,1
AMR,North America,United States of America,USA,SENTINEL,2017,17,2017-04-24T07:00:00.000Z,1304,1304,,7,133,,2,142,51,181,49,281,423,881,1
AMR,North America,United States of America,USA,SENTINEL,2017,18,2017-05-01T07:00:00.000Z,1044,1044,,5,83,,2,90,31,131,41,203,293,751,1
AMR,North America,United States of America,USA,SENTINEL,2017,19,2017-05-08T07:00:00.000Z,889,889,,3,97,,2,102,38,117,36,191,293,596,1
AMR,North America,United States of America,USA,SENTINEL,2017,20,2017-05-15T07:00:00.000Z,788,788,,5,63,,1,69,33,114,33,180,249,539,1
AMR,North America,United States of America,USA,SENTINEL,2017,21,2017-05-22T07:00:00.000Z,640,640,,6,41,,0,47,26,80,23,129,176,464,1
AMR,North America,United States of America,USA,SENTINEL,2017,22,2017-05-29T07:00:00.000Z,550,550,,1,39,,0,40,51,60,17,128,168,382,1
AMR,North America,United States of America,USA,SENTINEL,2017,23,2017-06-05T07:00:00.000Z,457,457,,5,33,,0,38,22,63,19,104,142,315,1
AMR,North America,United States of America,USA,SENTINEL,2017,24,2017-06-12T07:00:00.000Z,398,398,,8,43,,1,52,11,45,9,65,117,281,1
AMR,North America,United States of America,USA,SENTINEL,2017,25,2017-06-19T07:00:00.000Z,388,388,,5,40,,0,45,11,31,8,50,95,293,1
AMR,North America,United States of America,USA,SENTINEL,2017,26,2017-06-26T07:00:00.000Z,361,361,,5,39,,1,45,4,21,7,32,77,284,1
AMR,North America,United States of America,USA,SENTINEL,2017,27,2017-07-03T07:00:00.000Z,295,295,,10,29,,0,39,7,7,4,18,57,238,1
AMR,North America,United States of America,USA,SENTINEL,2017,28,2017-07-10T07:00:00.000Z,347,347,,4,31,,0,35,5,9,11,25,60,285,1
AMR,North America,United States of America,USA,SENTINEL,2017,29,2017-07-17T07:00:00.000Z,354,354,,8,26,,0,34,,7,9,16,50,295,1
AMR,North America,United States of America,USA,SENTINEL,2017,30,2017-07-24T07:00:00.000Z,367,367,,7,31,,4,42,1,21,3,25,67,300,1
AMR,North America,United States of America,USA,SENTINEL,2017,31,2017-07-31T07:00:00.000Z,385,385,,8,41,,0,49,,8,3,11,60,320,1
AMR,North America,United States of America,USA,SENTINEL,2017,32,2017-08-07T07:00:00.000Z,373,373,,6,42,,1,49,,20,7,27,76,296,1
AMR,North America,United States of America,USA,SENTINEL,2017,33,2017-08-14T07:00:00.000Z,353,353,,5,32,,3,40,,9,1,10,50,303,1
AMR,North America,United States of America,USA,SENTINEL,2017,34,2017-08-21T07:00:00.000Z,410,410,,6,54,,2,62,1,9,10,20,82,328,1
AMR,North America,United States of America,USA,SENTINEL,2017,35,2017-08-28T07:00:00.000Z,486,486,,18,64,,1,83,,0,7,7,90,396,1
AMR,North America,United States of America,USA,SENTINEL,2017,36,2017-09-04T07:00:00.000Z,469,469,,12,105,,2,119,,13,3,16,135,334,1
AMR,North America,United States of America,USA,SENTINEL,2017,37,2017-09-11T07:00:00.000Z,719,719,,8,109,,0,117,2,17,14,33,150,569,1
AMR,North America,United States of America,USA,SENTINEL,2017,38,2017-09-18T07:00:00.000Z,830,830,,2,101,,3,106,1,18,10,29,135,678,1
AMR,North America,United States of America,USA,SENTINEL,2017,39,2017-09-25T07:00:00.000Z,961,961,,10,119,,1,130,,10,3,13,143,794,1
AMR,North America,United States of America,USA,SENTINEL,2017,40,2017-10-02T07:00:00.000Z,1041,1041,,13,123,,3,139,,16,5,21,160,880,1
AMR,North America,United States of America,USA,SENTINEL,2017,41,2017-10-09T07:00:00.000Z,1079,1079,,14,143,,8,165,4,13,6,23,188,891,1
AMR,North America,United States of America,USA,SENTINEL,2017,42,2017-10-16T07:00:00.000Z,1234,1234,,14,173,,0,187,1,11,2,14,201,1033,1
AMR,North America,United States of America,USA,SENTINEL,2017,43,2017-10-23T07:00:00.000Z,1473,1473,,26,180,,24,230,1,21,13,35,265,1208,1
AMR,North America,United States of America,USA,SENTINEL,2017,44,2017-10-30T07:00:00.000Z,1591,1591,,24,249,,15,288,3,36,17,56,344,1247,1
AMR,North America,United States of America,USA,SENTINEL,2017,45,2017-11-06T08:00:00.000Z,1554,1554,,29,315,,1,345,4,33,12,49,394,1160,1
AMR,North America,United States of America,USA,SENTINEL,2017,46,2017-11-13T08:00:00.000Z,1876,1876,,56,405,,2,463,5,61,29,95,558,1318,1
AMR,North America,United States of America,USA,SENTINEL,2017,47,2017-11-20T08:00:00.000Z,1611,1611,,41,490,,2,533,5,60,10,75,608,1003,1
AMR,North America,United States of America,USA,SENTINEL,2017,48,2017-11-27T08:00:00.000Z,2369,2369,,61,787,,11,859,8,108,20,136,995,1373,1
AMR,North America,United States of America,USA,SENTINEL,2017,49,2017-12-04T08:00:00.000Z,2785,2785,,72,1055,,4,1131,16,103,31,150,1281,1504,1
AMR,North America,United States of America,USA,SENTINEL,2017,50,2017-12-11T08:00:00.000Z,3558,3558,,137,1515,,11,1663,36,174,39,249,1912,1646,1
AMR,North America,United States of America,USA,SENTINEL,2017,51,2017-12-18T08:00:00.000Z,4815,4815,,240,2491,,19,2750,39,258,78,375,3125,1690,1
AMR,North America,United States of America,USA,SENTINEL,2017,52,2017-12-25T08:00:00.000Z,5424,5424,,279,2984,,29,3292,35,372,100,507,3799,1625,1
AMR,North America,United States of America,USA,SENTINEL,2018,1,2018-01-01T08:00:00.000Z,6410,6410,,320,3295,,39,3654,45,463,165,673,4327,2083,1
AMR,North America,United States of America,USA,SENTINEL,2018,2,2018-01-08T08:00:00.000Z,6919,6919,,393,3336,,70,3799,42,534,163,739,4538,2381,1
AMR,North America,United States of America,USA,SENTINEL,2018,3,2018-01-15T08:00:00.000Z,6293,6293,,406,2727,,50,3183,47,536,189,772,3955,2338,1
AMR,North America,United States of America,USA,SENTINEL,2018,4,2018-01-22T08:00:00.000Z,6923,6923,,540,2749,,38,3327,58,718,231,1007,4334,2589,1
AMR,North America,United States of America,USA,SENTINEL,2018,5,2018-01-29T08:00:00.000Z,7056,7056,,542,2494,,41,3077,91,804,306,1201,4278,2778,1
AMR,North America,United States of America,USA,SENTINEL,2018,6,2018-02-05T08:00:00.000Z,6492,6492,,544,2040,,32,2616,113,931,329,1373,3989,2503,1
AMR,North America,United States of America,USA,SENTINEL,2018,7,2018-02-12T08:00:00.000Z,5508,5508,,495,1511,,24,2030,115,931,251,1297,3327,2181,1
AMR,North America,United States of America,USA,SENTINEL,2018,8,2018-02-19T08:00:00.000Z,4546,4546,,306,1073,,19,1398,116,891,245,1252,2650,1896,1
AMR,North America,United States of America,USA,SENTINEL,2018,9,2018-02-26T08:00:00.000Z,3580,3580,,246,588,,12,846,88,699,204,991,1837,1743,1
AMR,North America,United States of America,USA,SENTINEL,2018,10,2018-03-05T08:00:00.000Z,3057,3057,,144,411,,25,580,88,646,172,906,1486,1571,1
AMR,North America,United States of America,USA,SENTINEL,2018,11,2018-03-12T07:00:00.000Z,2529,2529,,188,277,,25,490,70,542,174,786,1276,1253,1
AMR,North America,United States of America,USA,SENTINEL,2018,12,2018-03-19T07:00:00.000Z,2248,2248,,120,234,,10,364,52,467,129,648,1012,1236,1
AMR,North America,United States of America,USA,SENTINEL,2018,13,2018-03-26T07:00:00.000Z,1965,1965,,132,220,,8,360,62,455,107,624,984,981,1
AMR,North America,United States of America,USA,SENTINEL,2018,14,2018-04-02T07:00:00.000Z,1906,1906,,120,163,,7,290,54,405,72,531,821,1085,1
AMR,North America,United States of America,USA,SENTINEL,2018,15,2018-04-09T07:00:00.000Z,1481,1481,,101,102,,2,205,40,297,54,391,596,885,1
AMR,North America,United States of America,USA,SENTINEL,2018,16,2018-04-16T07:00:00.000Z,1174,1174,,51,86,,0,137,43,211,45,299,436,738,1
AMR,North America,United States of America,USA,SENTINEL,2018,17,2018-04-23T07:00:00.000Z,1028,1028,,56,53,,1,110,28,138,53,219,329,699,1
AMR,North America,United States of America,USA,SENTINEL,2018,18,2018-04-30T07:00:00.000Z,831,831,,40,31,,2,73,14,137,23,174,247,584,1
AMR,North America,United States of America,USA,SENTINEL,2018,19,2018-05-07T07:00:00.000Z,599,599,,16,20,,0,36,6,68,8,82,118,481,1
AMR,North America,United States of America,USA,SENTINEL,2018,20,2018-05-14T07:00:00.000Z,464,464,,16,10,,0,26,6,27,10,43,69,395,1
AMR,North America,United States of America,USA,SENTINEL,2018,21,2018-05-21T07:00:00.000Z,344,344,,18,6,,0,24,4,20,8,32,56,288,1
AMR,North America,United States of America,USA,SENTINEL,2018,22,2018-05-28T07:00:00.000Z,265,265,,8,5,,0,13,2,11,2,15,28,237,1
AMR,North America,United States of America,USA,SENTINEL,2018,23,2018-06-04T07:00:00.000Z,286,286,,7,3,,0,10,3,9,3,15,25,261,1
AMR,North America,United States of America,USA,SENTINEL,2018,24,2018-06-11T07:00:00.000Z,283,283,,6,3,,0,9,3,8,2,13,22,261,1
AMR,North America,United States of America,USA,SENTINEL,2018,25,2018-06-18T07:00:00.000Z,213,213,,1,3,,0,4,3,6,0,9,13,199,1
AMR,North America,United States of America,USA,SENTINEL,2018,26,2018-06-25T07:00:00.000Z,197,197,,2,6,,0,8,,1,0,1,9,188,1
AMR,North America,United States of America,USA,SENTINEL,2018,27,2018-07-02T07:00:00.000Z,131,131,,9,5,,0,14,,6,1,7,21,110,1
AMR,North America,United States of America,USA,SENTINEL,2018,28,2018-07-09T07:00:00.000Z,176,176,,8,9,,0,17,2,3,1,6,23,153,1
AMR,North America,United States of America,USA,SENTINEL,2018,29,2018-07-16T07:00:00.000Z,174,174,,15,5,,0,20,2,4,3,9,29,145,1
AMR,North America,United States of America,USA,SENTINEL,2018,30,2018-07-23T07:00:00.000Z,243,243,,9,3,,4,16,2,0,0,2,18,225,1
AMR,North America,United States of America,USA,SENTINEL,2018,31,2018-07-30T07:00:00.000Z,185,185,,7,10,,3,20,,1,0,1,21,164,1
AMR,North America,United States of America,USA,SENTINEL,2018,32,2018-08-06T07:00:00.000Z,164,164,,6,8,,5,19,,2,1,3,22,142,1
AMR,North America,United States of America,USA,SENTINEL,2018,33,2018-08-13T07:00:00.000Z,181,181,,5,9,,6,20,,2,1,3,23,158,1
AMR,North America,United States of America,USA,SENTINEL,2018,34,2018-08-20T07:00:00.000Z,259,259,,17,20,,6,43,,1,1,2,45,214,1
AMR,North America,United States of America,USA,SENTINEL,2018,35,2018-08-27T07:00:00.000Z,258,258,,10,6,,0,16,,2,0,2,18,240,1
AMR,North America,United States of America,USA,SENTINEL,2018,36,2018-09-03T07:00:00.000Z,351,351,,17,17,,0,34,,1,1,2,36,315,1
AMR,North America,United States of America,USA,SENTINEL,2018,37,2018-09-10T07:00:00.000Z,446,446,,29,14,,0,43,1,5,0,6,49,397,1
AMR,North America,United States of America,USA,SENTINEL,2018,38,2018-09-17T07:00:00.000Z,535,535,,22,17,,2,41,1,2,2,5,46,489,1
AMR,North America,United States of America,USA,SENTINEL,2018,39,2018-09-24T07:00:00.000Z,561,561,,20,13,,0,33,,3,0,3,36,525,1
AMR,North America,United States of America,USA,SENTINEL,2018,40,2018-10-01T07:00:00.000Z,802,802,,29,11,,8,48,7,11,0,18,66,736,1
AMR,North America,United States of America,USA,SENTINEL,2018,41,2018-10-08T07:00:00.000Z,919,919,,52,11,,8,71,3,5,5,13,84,835,1
AMR,North America,United States of America,USA,SENTINEL,2018,42,2018-10-15T07:00:00.000Z,1111,1111,,52,22,,13,87,2,14,1,17,104,1007,1
AMR,North America,United States of America,USA,SENTINEL,2018,43,2018-10-22T07:00:00.000Z,1119,1119,,76,35,,3,114,,13,3,16,130,989,1
AMR,North America,United States of America,USA,SENTINEL,2018,44,2018-10-29T07:00:00.000Z,1248,1248,,84,23,,3,110,1,8,1,10,120,1128,1
AMR,North America,United States of America,USA,SENTINEL,2018,45,2018-11-05T08:00:00.000Z,1340,1340,,117,27,,15,159,4,7,5,16,175,1165,1
AMR,North America,United States of America,USA,SENTINEL,2018,46,2018-11-12T08:00:00.000Z,1427,1427,,148,41,,12,201,2,3,0,5,206,1221,1
AMR,North America,United States of America,USA,SENTINEL,2018,47,2018-11-19T08:00:00.000Z,1132,1132,,215,54,,10,279,2,5,1,8,287,845,1
AMR,North America,United States of America,USA,SENTINEL,2018,48,2018-11-26T08:00:00.000Z,1706,1706,,326,64,,12,402,2,10,1,13,415,1291,1
AMR,North America,United States of America,USA,SENTINEL,2018,49,2018-12-03T08:00:00.000Z,1733,1733,,361,90,,14,465,3,7,7,17,482,1251,1
AMR,North America,United States of America,USA,SENTINEL,2018,50,2018-12-10T08:00:00.000Z,2199,2199,,674,166,,20,860,7,6,3,16,876,1323,1
AMR,North America,United States of America,USA,SENTINEL,2018,51,2018-12-17T08:00:00.000Z,2681,2681,,1115,248,,79,1442,20,8,9,37,1479,1202,1
AMR,North America,United States of America,USA,SENTINEL,2018,52,2018-12-24T08:00:00.000Z,2571,2571,,1243,274,,113,1630,19,9,8,36,1666,905,1
AMR,North America,United States of America,USA,SENTINEL,2019,1,2018-12-31T08:00:00.000Z,2895,2895,,1182,305,,162,1649,6,17,6,29,1678,1217,1
AMR,North America,United States of America,USA,SENTINEL,2019,2,2019-01-07T08:00:00.000Z,3293,3293,,1429,233,,100,1762,4,20,12,36,1798,1495,1
AMR,North America,United States of America,USA,SENTINEL,2019,3,2019-01-14T08:00:00.000Z,3337,3337,,1475,366,,120,1961,17,16,9,42,2003,1334,1
AMR,North America,United States of America,USA,SENTINEL,2019,4,2019-01-21T08:00:00.000Z,3551,3551,,1546,511,,117,2174,17,9,19,45,2219,1332,1
AMR,North America,United States of America,USA,SENTINEL,2019,5,2019-01-28T08:00:00.000Z,4168,4168,,1678,806,,73,2557,24,18,11,53,2610,1558,1
AMR,North America,United States of America,USA,SENTINEL,2019,6,2019-02-04T08:00:00.000Z,4902,4902,,1878,1202,,75,3155,18,11,17,46,3201,1699,1
AMR,North America,United States of America,USA,SENTINEL,2019,7,2019-02-11T08:00:00.000Z,4753,4753,,1703,1305,,62,3070,29,18,23,70,3140,1612,1
AMR,North America,United States of America,USA,SENTINEL,2019,8,2019-02-18T08:00:00.000Z,4789,4789,,1480,1501,,79,3060,28,12,57,97,3157,1632,1
AMR,North America,United States of America,USA,SENTINEL,2019,9,2019-02-25T08:00:00.000Z,4994,4994,,1377,1785,,82,3244,34,10,38,82,3326,1668,1
AMR,North America,United States of America,USA,SENTINEL,2019,10,2019-03-04T08:00:00.000Z,4837,4837,,1292,1829,,70,3191,42,27,57,126,3317,1520,1
AMR,North America,United States of America,USA,SENTINEL,2019,11,2019-03-11T07:00:00.000Z,4529,4529,,1052,1828,,48,2928,56,31,52,139,3067,1462,1
AMR,North America,United States of America,USA,SENTINEL,2019,12,2019-03-18T07:00:00.000Z,3841,3841,,745,1402,,27,2174,50,19,75,144,2318,1523,1
AMR,North America,United States of America,USA,SENTINEL,2019,13,2019-03-25T07:00:00.000Z,3014,3014,,472,1110,,31,1613,66,25,105,196,1809,1205,1
AMR,North America,United States of America,USA,SENTINEL,2019,14,2019-04-01T07:00:00.000Z,2656,2656,,336,889,,21,1246,70,20,96,186,1432,1224,1
AMR,North America,United States of America,USA,SENTINEL,2019,15,2019-04-08T07:00:00.000Z,2143,2143,,217,660,,9,886,58,18,79,155,1041,1102,1
AMR,North America,United States of America,USA,SENTINEL,2019,16,2019-04-15T07:00:00.000Z,1498,1498,,130,354,,7,491,50,19,25,94,585,913,1
AMR,North America,United States of America,USA,SENTINEL,2019,17,2019-04-22T07:00:00.000Z,1252,1252,,87,218,,4,309,39,14,67,120,429,823,1
AMR,North America,United States of America,USA,SENTINEL,2019,18,2019-04-29T07:00:00.000Z,1033,1033,,65,158,,6,229,40,11,13,64,293,740,1
AMR,North America,United States of America,USA,SENTINEL,2019,19,2019-05-06T07:00:00.000Z,838,838,,45,94,,14,153,41,9,22,72,225,613,1
AMR,North America,United States of America,USA,SENTINEL,2019,20,2019-05-13T07:00:00.000Z,799,799,,43,82,,3,128,40,7,11,58,186,613,1
AMR,North America,United States of America,USA,SENTINEL,2019,21,2019-05-20T07:00:00.000Z,550,550,,29,67,,4,100,27,3,3,33,133,417,1
AMR,North America,United States of America,USA,SENTINEL,2019,22,2019-05-27T07:00:00.000Z,571,571,,23,55,,4,82,25,11,20,56,138,433,1
AMR,North America,United States of America,USA,SENTINEL,2019,23,2019-06-03T07:00:00.000Z,501,501,,26,54,,3,83,32,1,19,52,135,366,1
AMR,North America,United States of America,USA,SENTINEL,2019,24,2019-06-10T07:00:00.000Z,433,433,,21,57,,7,85,19,2,6,27,112,321,1
AMR,North America,United States of America,USA,SENTINEL,2019,25,2019-06-17T07:00:00.000Z,393,393,,19,52,,2,73,13,0,9,22,95,298,1
AMR,North America,United States of America,USA,SENTINEL,2019,26,2019-06-24T07:00:00.000Z,387,387,,21,48,,2,71,12,3,4,19,90,297,1
AMR,North America,United States of America,USA,SENTINEL,2019,27,2019-07-01T07:00:00.000Z,362,362,,29,41,,3,73,13,1,3,17,90,272,1
AMR,North America,United States of America,USA,SENTINEL,2019,28,2019-07-08T07:00:00.000Z,400,400,,10,42,,1,53,9,1,2,12,65,335,1
AMR,North America,United States of America,USA,SENTINEL,2019,29,2019-07-15T07:00:00.000Z,323,323,,12,55,,4,71,10,0,1,11,82,241,1
AMR,North America,United States of America,USA,SENTINEL,2019,30,2019-07-22T07:00:00.000Z,294,294,,19,29,,2,50,11,0,3,14,64,230,1
AMR,North America,United States of America,USA,SENTINEL,2019,31,2019-07-29T07:00:00.000Z,333,333,,14,30,,2,46,10,2,1,13,59,274,1
AMR,North America,United States of America,USA,SENTINEL,2019,32,2019-08-05T07:00:00.000Z,294,294,,7,33,,0,40,16,0,1,17,57,237,1
AMR,North America,United States of America,USA,SENTINEL,2019,33,2019-08-12T07:00:00.000Z,338,338,,20,34,,3,57,38,0,0,38,95,243,1
AMR,North America,United States of America,USA,SENTINEL,2019,34,2019-08-19T07:00:00.000Z,356,356,,19,38,,1,58,32,0,2,34,92,264,1
AMR,North America,United States of America,USA,SENTINEL,2019,35,2019-08-26T07:00:00.000Z,370,370,,14,34,,4,52,29,0,6,35,87,283,1
AMR,North America,United States of America,USA,SENTINEL,2019,36,2019-09-02T07:00:00.000Z,453,453,,16,54,,9,79,29,1,1,31,110,343,1
AMR,North America,United States of America,USA,SENTINEL,2019,37,2019-09-09T07:00:00.000Z,594,594,,12,69,,14,95,44,2,2,48,143,451,1
AMR,North America,United States of America,USA,SENTINEL,2019,38,2019-09-16T07:00:00.000Z,782,782,,27,59,,9,95,46,0,5,51,146,636,1
AMR,North America,United States of America,USA,SENTINEL,2019,39,2019-09-23T07:00:00.000Z,800,800,,18,60,,18,96,49,0,7,56,152,648,1
AMR,North America,United States of America,USA,SENTINEL,2019,40,2019-09-30T07:00:00.000Z,987,987,,25,57,,21,103,56,1,7,64,167,820,1
AMR,North America,United States of America,USA,SENTINEL,2019,41,2019-10-07T07:00:00.000Z,1100,1100,,33,64,,22,119,70,2,7,79,198,902,1
AMR,North America,United States of America,USA,SENTINEL,2019,42,2019-10-14T07:00:00.000Z,1256,1256,,36,82,,24,142,77,3,13,93,235,1021,1
AMR,North America,United States of America,USA,SENTINEL,2019,43,2019-10-21T07:00:00.000Z,1493,1493,,53,78,,48,179,96,5,20,121,300,1193,1
AMR,North America,United States of America,USA,SENTINEL,2019,44,2019-10-28T07:00:00.000Z,1597,1597,,52,61,,83,196,120,5,39,164,360,1237,1
AMR,North America,United States of America,USA,SENTINEL,2019,45,2019-11-04T08:00:00.000Z,2347,2347,,122,74,,205,401,234,10,74,318,719,1628,1
AMR,North America,United States of America,USA,SENTINEL,2019,46,2019-11-11T08:00:00.000Z,2208,2208,,149,58,,146,353,330,10,89,429,782,1426,1
AMR,North America,United States of America,USA,SENTINEL,2019,47,2019-11-18T08:00:00.000Z,2808,2808,,258,78,,173,509,423,10,173,606,1115,1693,1
AMR,North America,United States of America,USA,SENTINEL,2019,48,2019-11-25T08:00:00.000Z,2359,2359,,369,83,,92,544,500,10,141,651,1195,1164,1
AMR,North America,United States of America,USA,SENTINEL,2019,49,2019-12-02T08:00:00.000Z,3259,3259,,513,83,,86,682,657,14,195,866,1548,1711,1
AMR,North America,United States of America,USA,SENTINEL,2019,50,2019-12-09T08:00:00.000Z,3504,3504,,620,78,,41,739,807,15,311,1133,1872,1632,1
AMR,North America,United States of America,USA,SENTINEL,2019,51,2019-12-16T08:00:00.000Z,4014,4014,,915,52,,52,1019,1110,16,276,1402,2421,1593,1
AMR,North America,United States of America,USA,SENTINEL,2019,52,2019-12-23T08:00:00.000Z,4214,4214,,1210,88,,27,1325,1326,24,348,1698,3023,1191,1
AMR,North America,Bermuda,BMU,SENTINEL,2020,1,2019-12-30T08:00:00.000Z,,,,,,,,,,,,,,,1
AMR,North America,United States of America,USA,SENTINEL,2020,1,2019-12-30T08:00:00.000Z,4240,4240,,1262,101,,45,1408,1275,23,189,1487,2895,1345,1
AMR,North America,Bermuda,BMU,SENTINEL,2020,2,2020-01-06T08:00:00.000Z,,,,,,,,,,,,,,,1
AMR,North America,United States of America,USA,SENTINEL,2020,2,2020-01-06T08:00:00.000Z,4531,4531,,1338,86,,34,1458,1145,20,223,1388,2846,1685,1
AMR,North America,Bermuda,BMU,SENTINEL,2020,3,2020-01-13T08:00:00.000Z,,,,,,,,,,,,,,,1
AMR,North America,United States of America,USA,SENTINEL,2020,3,2020-01-13T08:00:00.000Z,4932,4932,,1598,73,,56,1727,1244,12,252,1508,3235,1697,1
AMR,North America,Bermuda,BMU,SENTINEL,2020,4,2020-01-20T08:00:00.000Z,,,,,,,,,,,,,,,1
AMR,North America,United States of America,USA,SENTINEL,2020,4,2020-01-20T08:00:00.000Z,5001,5001,,1769,79,,37,1885,1137,8,256,1401,3286,1715,1
AMR,North America,Bermuda,BMU,SENTINEL,2020,5,2020-01-27T08:00:00.000Z,,,,,,,,,,,,,,,1
AMR,North America,United States of America,USA,SENTINEL,2020,5,2020-01-27T08:00:00.000Z,6113,6113,,2359,92,,50,2501,1069,8,309,1386,3887,2226,1
AMR,North America,Bermuda,BMU,SENTINEL,2020,6,2020-02-03T08:00:00.000Z,,,,,,,,,2,,,2,2,,1
AMR,North America,United States of America,USA,SENTINEL,2020,6,2020-02-03T08:00:00.000Z,5646,5646,,2346,91,,64,2501,871,5,288,1164,3665,1981,1
AMR,North America,Bermuda,BMU,SENTINEL,2020,7,2020-02-10T08:00:00.000Z,,,,,,,,,,,,,,,1
AMR,North America,United States of America,USA,SENTINEL,2020,7,2020-02-10T08:00:00.000Z,5028,5028,,2048,65,,129,2242,744,10,280,1034,3276,1752,1
AMR,North America,Bermuda,BMU,SENTINEL,2020,8,2020-02-17T08:00:00.000Z,,,,,,,,,,,,,,,1
AMR,North America,United States of America,USA,SENTINEL,2020,8,2020-02-17T08:00:00.000Z,4344,4344,,1752,76,,119,1947,564,9,169,742,2689,1655,1
AMR,North America,Bermuda,BMU,SENTINEL,2020,9,2020-02-24T08:00:00.000Z,,,,,,,,,1,,,1,1,,1
AMR,North America,United States of America,USA,SENTINEL,2020,9,2020-02-24T08:00:00.000Z,3963,3963,,1662,63,,50,1775,454,8,140,602,2377,1586,1
AMR,North America,Bermuda,BMU,SENTINEL,2020,10,2020-03-02T08:00:00.000Z,,,,1,,,,1,,,,,1,,1
AMR,North America,United States of America,USA,SENTINEL,2020,10,2020-03-02T08:00:00.000Z,4140,4140,,1601,73,,65,1739,352,8,130,490,2229,1911,1
AMR,North America,Bermuda,BMU,SENTINEL,2020,11,2020-03-09T07:00:00.000Z,,,,2,,,,2,,,,,2,,1
AMR,North America,United States of America,USA,SENTINEL,2020,11,2020-03-09T07:00:00.000Z,3594,3594,,1136,74,,50,1260,197,3,85,285,1545,2049,1
AMR,North America,Bermuda,BMU,SENTINEL,2020,12,2020-03-16T07:00:00.000Z,,,,,,,,,1,,,1,1,,1
AMR,North America,United States of America,USA,SENTINEL,2020,12,2020-03-16T07:00:00.000Z,2859,2859,,444,30,,23,497,77,1,45,123,620,2239,1
AMR,North America,Bermuda,BMU,SENTINEL,2020,13,2020-03-23T07:00:00.000Z,,,,,,,,,,,,,,,1
AMR,North America,United States of America,USA,SENTINEL,2020,13,2020-03-23T07:00:00.000Z,2146,2146,,100,7,,8,115,20,2,34,56,171,1975,1
AMR,North America,Bermuda,BMU,SENTINEL,2020,14,2020-03-30T07:00:00.000Z,,,,,,,,,,,,,,,1
AMR,North America,United States of America,USA,SENTINEL,2020,14,2020-03-30T07:00:00.000Z,1472,1472,,37,1,,4,42,5,0,7,12,54,1418,1
AMR,North America,Bermuda,BMU,SENTINEL,2020,15,2020-04-06T07:00:00.000Z,,,,,,,,,,,,,,,1
AMR,North America,United States of America,USA,SENTINEL,2020,15,2020-04-06T07:00:00.000Z,1021,1021,,28,0,,3,31,,0,4,4,35,986,1
AMR,North America,Bermuda,BMU,SENTINEL,2020,16,2020-04-13T07:00:00.000Z,,,,,,,,,,,,,,,1
AMR,North America,United States of America,USA,SENTINEL,2020,16,2020-04-13T07:00:00.000Z,884,884,,19,0,,0,19,2,0,3,5,24,860,1
AMR,North America,Bermuda,BMU,SENTINEL,2020,17,2020-04-20T07:00:00.000Z,,,,,,,,,,,,,,,1
AMR,North America,United States of America,USA,SENTINEL,2020,17,2020-04-20T07:00:00.000Z,818,818,,26,0,,0,26,,0,4,4,30,788,1
AMR,North America,Bermuda,BMU,SENTINEL,2020,18,2020-04-27T07:00:00.000Z,,,,,,,,,,,,,,,1
AMR,North America,United States of America,USA,SENTINEL,2020,18,2020-04-27T07:00:00.000Z,742,742,,23,0,,1,24,1,0,2,3,27,715,1
AMR,North America,Bermuda,BMU,SENTINEL,2020,19,2020-05-04T07:00:00.000Z,,,,,,,,,,,,,,,1
AMR,North America,United States of America,USA,SENTINEL,2020,19,2020-05-04T07:00:00.000Z,659,659,,26,1,,0,27,,0,2,2,29,630,1
AMR,North America,Bermuda,BMU,SENTINEL,2020,20,2020-05-11T07:00:00.000Z,,,,,,,,,,,,,,,1
AMR,North America,United States of America,USA,SENTINEL,2020,20,2020-05-11T07:00:00.000Z,682,682,,24,0,,0,24,,0,3,3,27,655,1
AMR,North America,Bermuda,BMU,SENTINEL,2020,21,2020-05-18T07:00:00.000Z,,,,,,,,,,,,,,,1
AMR,North America,United States of America,USA,SENTINEL,2020,21,2020-05-18T07:00:00.000Z,553,553,,0,0,,1,1,,0,0,,1,552,1
AMR,North America,Bermuda,BMU,SENTINEL,2020,22,2020-05-25T07:00:00.000Z,,,,,,,,,,,,,,,1
AMR,North America,United States of America,USA,SENTINEL,2020,22,2020-05-25T07:00:00.000Z,529,529,,2,0,,1,3,,0,1,1,4,525,1
AMR,North America,Bermuda,BMU,SENTINEL,2020,23,2020-06-01T07:00:00.000Z,,,,,,,,,,,,,,,1
AMR,North America,United States of America,USA,SENTINEL,2020,23,2020-06-01T07:00:00.000Z,359,359,,0,0,,0,,,0,2,2,2,357,1
AMR,North America,Bermuda,BMU,SENTINEL,2020,24,2020-06-08T07:00:00.000Z,,,,,,,,,,,,,,,1
AMR,North America,United States of America,USA,SENTINEL,2020,24,2020-06-08T07:00:00.000Z,347,347,,1,0,,1,2,1,0,3,4,6,341,1
AMR,North America,Bermuda,BMU,SENTINEL,2020,25,2020-06-15T07:00:00.000Z,,0,,,,,,,,,,,,0,1
AMR,North America,United States of America,USA,SENTINEL,2020,25,2020-06-15T07:00:00.000Z,398,398,,0,0,,0,,,0,0,,,398,1
AMR,North America,Bermuda,BMU,SENTINEL,2020,26,2020-06-22T07:00:00.000Z,,0,,,,,,,,,,,,0,1
AMR,North America,United States of America,USA,SENTINEL,2020,26,2020-06-22T07:00:00.000Z,208,208,,0,0,,3,3,,0,0,,3,205,1
AMR,North America,Bermuda,BMU,SENTINEL,2020,27,2020-06-29T07:00:00.000Z,,0,,,,,,,,,,,,0,1
AMR,North America,United States of America,USA,SENTINEL,2020,27,2020-06-29T07:00:00.000Z,198,198,,0,0,,1,1,,0,0,,1,197,1
AMR,North America,Bermuda,BMU,SENTINEL,2020,28,2020-07-06T07:00:00.000Z,,0,,,,,,,,,,,,0,1
AMR,North America,United States of America,USA,SENTINEL,2020,28,2020-07-06T07:00:00.000Z,260,260,,0,0,,1,1,,0,1,1,2,258,1
AMR,North America,Bermuda,BMU,SENTINEL,2020,29,2020-07-13T07:00:00.000Z,,0,,,,,,,,,,,,0,1
AMR,North America,United States of America,USA,SENTINEL,2020,29,2020-07-13T07:00:00.000Z,222,222,,0,0,,0,,,0,0,,,222,1
AMR,North America,Bermuda,BMU,SENTINEL,2020,30,2020-07-20T07:00:00.000Z,,0,,,,,,,,,,,,0,1
AMR,North America,United States of America,USA,SENTINEL,2020,30,2020-07-20T07:00:00.000Z,230,230,,0,0,,2,2,,0,0,,2,228,1
AMR,North America,Bermuda,BMU,SENTINEL,2020,31,2020-07-27T07:00:00.000Z,,0,,,,,,,,,,,,0,1
AMR,North America,United States of America,USA,SENTINEL,2020,31,2020-07-27T07:00:00.000Z,201,201,,0,0,,0,,,0,0,,,201,1
AMR,North America,Bermuda,BMU,SENTINEL,2020,32,2020-08-03T07:00:00.000Z,,0,,,,,,,,,,,,0,1
AMR,North America,United States of America,USA,SENTINEL,2020,32,2020-08-03T07:00:00.000Z,167,167,,0,0,,0,,,0,0,,,167,1
AMR,North America,Bermuda,BMU,SENTINEL,2020,33,2020-08-10T07:00:00.000Z,,0,,,,,,,,,,,,0,1
AMR,North America,United States of America,USA,SENTINEL,2020,33,2020-08-10T07:00:00.000Z,120,120,,0,0,,0,,,0,1,1,1,119,1
AMR,North America,Bermuda,BMU,SENTINEL,2020,34,2020-08-17T07:00:00.000Z,,0,,,,,,,,,,,,0,1
AMR,North America,United States of America,USA,SENTINEL,2020,34,2020-08-17T07:00:00.000Z,194,194,,0,0,,0,,,0,0,,,194,1
AMR,North America,Bermuda,BMU,SENTINEL,2020,35,2020-08-24T07:00:00.000Z,,0,,,,,,,,,,,,0,1
AMR,North America,United States of America,USA,SENTINEL,2020,35,2020-08-24T07:00:00.000Z,2323,2323,,0,0,,0,,,0,0,,,2323,1
AMR,North America,Bermuda,BMU,SENTINEL,2020,36,2020-08-31T07:00:00.000Z,,0,,,,,,,,,,,,0,1
AMR,North America,United States of America,USA,SENTINEL,2020,36,2020-08-31T07:00:00.000Z,2553,2553,,0,0,,1,1,,0,0,,1,2552,1
AMR,North America,Bermuda,BMU,SENTINEL,2020,37,2020-09-07T07:00:00.000Z,,0,,,,,,,,,,,,0,1
AMR,North America,United States of America,USA,SENTINEL,2020,37,2020-09-07T07:00:00.000Z,141,141,,0,1,,0,1,,0,0,,1,140,1
AMR,North America,Bermuda,BMU,SENTINEL,2020,38,2020-09-14T07:00:00.000Z,,0,,,,,,,,,,,,0,1
AMR,North America,United States of America,USA,SENTINEL,2020,38,2020-09-14T07:00:00.000Z,195,195,,0,0,,1,1,,0,0,,1,194,1
AMR,North America,Bermuda,BMU,SENTINEL,2020,39,2020-09-21T07:00:00.000Z,,0,,,,,,,,,,,,0,1
AMR,North America,United States of America,USA,SENTINEL,2020,39,2020-09-21T07:00:00.000Z,1738,1738,,0,0,,1,1,,0,0,,1,1737,1
AMR,North America,Bermuda,BMU,SENTINEL,2020,40,2020-09-28T07:00:00.000Z,,0,,,,,,,,,,,,0,1
AMR,North America,United States of America,USA,SENTINEL,2020,40,2020-09-28T07:00:00.000Z,11341,11341,,0,0,,3,3,,0,2,2,5,11336,1
AMR,North America,Bermuda,BMU,SENTINEL,2020,41,2020-10-05T07:00:00.000Z,,0,,,,,,,,,,,,0,1
AMR,North America,United States of America,USA,SENTINEL,2020,41,2020-10-05T07:00:00.000Z,11919,11919,,3,2,,3,8,1,0,5,6,14,11905,1
AMR,North America,Bermuda,BMU,SENTINEL,2020,42,2020-10-12T07:00:00.000Z,,0,,,,,,,,,,,,0,1
AMR,North America,United States of America,USA,SENTINEL,2020,42,2020-10-12T07:00:00.000Z,11054,11054,,0,1,,4,5,,0,5,5,10,11044,1
AMR,North America,Bermuda,BMU,SENTINEL,2020,43,2020-10-19T07:00:00.000Z,,0,,,,,,,,,,,,0,1
AMR,North America,United States of America,USA,SENTINEL,2020,43,2020-10-19T07:00:00.000Z,15373,15373,,1,1,,10,12,,0,3,3,15,15358,1
AMR,North America,Bermuda,BMU,SENTINEL,2020,44,2020-10-26T07:00:00.000Z,,0,,,,,,,,,,,,0,1
AMR,North America,United States of America,USA,SENTINEL,2020,44,2020-10-26T07:00:00.000Z,20084,20084,,0,1,,7,8,1,2,13,16,24,20060,1
AMR,North America,Bermuda,BMU,SENTINEL,2020,45,2020-11-02T08:00:00.000Z,,0,,,,,,,,,,,,0,1
AMR,North America,United States of America,USA,SENTINEL,2020,45,2020-11-02T08:00:00.000Z,26074,26074,,0,1,,5,6,,0,7,7,13,26061,1
AMR,North America,Bermuda,BMU,SENTINEL,2020,46,2020-11-09T08:00:00.000Z,,0,,,,,,,,,,,,0,1
AMR,North America,United States of America,USA,SENTINEL,2020,46,2020-11-09T08:00:00.000Z,25411,25411,,3,4,,6,13,,1,4,5,18,25393,1
AMR,North America,Bermuda,BMU,SENTINEL,2020,47,2020-11-16T08:00:00.000Z,,0,,,,,,,,,,,,0,1
AMR,North America,United States of America,USA,SENTINEL,2020,47,2020-11-16T08:00:00.000Z,18865,18865,,0,3,,0,3,,2,2,4,7,18858,1
AMR,North America,Bermuda,BMU,SENTINEL,2020,48,2020-11-23T08:00:00.000Z,,0,,,,,,,,,,,,0,1
AMR,North America,United States of America,USA,SENTINEL,2020,48,2020-11-23T08:00:00.000Z,11003,11003,,2,0,,6,8,1,0,2,3,11,10992,1
AMR,North America,Bermuda,BMU,SENTINEL,2020,49,2020-11-30T08:00:00.000Z,,0,,,,,,,,,,,,0,1
AMR,North America,United States of America,USA,SENTINEL,2020,49,2020-11-30T08:00:00.000Z,17316,17316,,0,0,,5,5,2,3,4,9,14,17302,1
AMR,North America,Bermuda,BMU,SENTINEL,2020,50,2020-12-07T08:00:00.000Z,,0,,,,,,,,,,,,0,1
AMR,North America,United States of America,USA,SENTINEL,2020,50,2020-12-07T08:00:00.000Z,16255,16255,,3,3,,8,14,2,0,1,3,17,16238,1
AMR,North America,Bermuda,BMU,SENTINEL,2020,51,2020-12-14T08:00:00.000Z,,0,,,,,,,,,,,,0,1
AMR,North America,United States of America,USA,SENTINEL,2020,51,2020-12-14T08:00:00.000Z,14956,14956,,0,0,,6,6,,0,4,4,10,14946,1
AMR,North America,Bermuda,BMU,SENTINEL,2020,52,2020-12-21T08:00:00.000Z,,0,,,,,,,,,,,,0,1
AMR,North America,United States of America,USA,SENTINEL,2020,52,2020-12-21T08:00:00.000Z,12389,12389,,0,0,,2,2,,0,2,2,4,12385,1
AMR,North America,Bermuda,BMU,SENTINEL,2020,53,2020-12-28T08:00:00.000Z,,0,,,,,,,,,,,,0,1
AMR,North America,United States of America,USA,SENTINEL,2020,53,2020-12-28T08:00:00.000Z,11087,11087,,1,1,,6,8,,0,3,3,11,11076,1
AMR,North America,Bermuda,BMU,SENTINEL,2021,1,2021-01-04T08:00:00.000Z,,0,,,,,,,,,,,,0,1
AMR,North America,United States of America,USA,SENTINEL,2021,1,2021-01-04T08:00:00.000Z,17256,17256,,0,0,,6,6,1,0,3,4,10,17246,1
AMR,North America,Bermuda,BMU,SENTINEL,2021,2,2021-01-11T08:00:00.000Z,,0,,,,,,,,,,,,0,1
AMR,North America,United States of America,USA,SENTINEL,2021,2,2021-01-11T08:00:00.000Z,15470,15470,,0,0,,4,4,1,0,3,4,8,15461,1
AMR,North America,Bermuda,BMU,SENTINEL,2021,3,2021-01-18T08:00:00.000Z,,0,,,,,,,,,,,,0,1
AMR,North America,United States of America,USA,SENTINEL,2021,3,2021-01-18T08:00:00.000Z,13731,13731,,0,1,,2,3,,0,1,1,4,13727,1
AMR,North America,Bermuda,BMU,SENTINEL,2021,4,2021-01-25T08:00:00.000Z,,0,,,,,,,,,,,,0,1
AMR,North America,United States of America,USA,SENTINEL,2021,4,2021-01-25T08:00:00.000Z,13075,13075,,1,0,,2,3,,0,1,1,4,13071,1
AMR,North America,Bermuda,BMU,SENTINEL,2021,5,2021-02-01T08:00:00.000Z,,0,,,,,,,,,,,,0,1
AMR,North America,United States of America,USA,SENTINEL,2021,5,2021-02-01T08:00:00.000Z,16131,16131,,0,0,,4,4,,0,3,3,7,16124,1
AMR,North America,Bermuda,BMU,SENTINEL,2021,6,2021-02-08T08:00:00.000Z,,0,,,,,,,,,,,,0,1
AMR,North America,United States of America,USA,SENTINEL,2021,6,2021-02-08T08:00:00.000Z,17006,17006,,0,0,,2,2,1,0,1,2,4,17002,1
AMR,North America,Bermuda,BMU,SENTINEL,2021,7,2021-02-15T08:00:00.000Z,,0,,,,,,,,,,,,0,1
AMR,North America,United States of America,USA,SENTINEL,2021,7,2021-02-15T08:00:00.000Z,13353,13353,,0,0,,3,3,,0,1,1,4,13349,1
AMR,North America,Bermuda,BMU,SENTINEL,2021,8,2021-02-22T08:00:00.000Z,,0,,,,,,,,,,,,0,1
AMR,North America,United States of America,USA,SENTINEL,2021,8,2021-02-22T08:00:00.000Z,16278,16278,,1,1,,1,3,,0,3,3,6,16272,1
AMR,North America,Bermuda,BMU,SENTINEL,2021,9,2021-03-01T08:00:00.000Z,,0,,,,,,,,,,,,0,1
AMR,North America,United States of America,USA,SENTINEL,2021,9,2021-03-01T08:00:00.000Z,14402,14402,,0,0,,2,2,,0,0,,2,14400,1
AMR,North America,Bermuda,BMU,SENTINEL,2021,10,2021-03-08T08:00:00.000Z,,0,,,,,,,,,,,,0,1
AMR,North America,United States of America,USA,SENTINEL,2021,10,2021-03-08T08:00:00.000Z,16462,16462,,1,0,,1,2,1,0,1,2,4,16458,1
AMR,North America,Bermuda,BMU,SENTINEL,2021,11,2021-03-15T07:00:00.000Z,,0,,,,,,,,,,,,0,1
AMR,North America,United States of America,USA,SENTINEL,2021,11,2021-03-15T07:00:00.000Z,14150,14150,,0,1,,4,5,,0,2,2,7,14143,1
AMR,North America,Bermuda,BMU,SENTINEL,2021,12,2021-03-22T07:00:00.000Z,,0,,,,,,,,,,,,0,1
AMR,North America,United States of America,USA,SENTINEL,2021,12,2021-03-22T07:00:00.000Z,14814,14814,,0,0,,1,1,,0,0,,1,14813,1
AMR,North America,Bermuda,BMU,SENTINEL,2021,13,2021-03-29T07:00:00.000Z,,0,,,,,,,,,,,,0,1
AMR,North America,United States of America,USA,SENTINEL,2021,13,2021-03-29T07:00:00.000Z,13739,13739,,0,0,,5,5,,0,1,1,6,13733,1
AMR,North America,Bermuda,BMU,SENTINEL,2021,14,2021-04-05T07:00:00.000Z,,0,,,,,,,,,,,,0,1
AMR,North America,United States of America,USA,SENTINEL,2021,14,2021-04-05T07:00:00.000Z,14016,14016,,1,0,,0,1,,0,0,,1,14015,1
AMR,North America,Bermuda,BMU,SENTINEL,2021,15,2021-04-12T07:00:00.000Z,,0,,,,,,,,,,,,0,1
AMR,North America,United States of America,USA,SENTINEL,2021,15,2021-04-12T07:00:00.000Z,15425,15425,,1,1,,3,5,,0,2,2,7,15418,1
AMR,North America,Bermuda,BMU,SENTINEL,2021,16,2021-04-19T07:00:00.000Z,,0,,,,,,,,,,,,0,1
AMR,North America,United States of America,USA,SENTINEL,2021,16,2021-04-19T07:00:00.000Z,12230,12230,,0,0,,0,,,0,1,1,1,12229,1
AMR,North America,Bermuda,BMU,SENTINEL,2021,17,2021-04-26T07:00:00.000Z,,0,,,,,,,,,,,,0,1
AMR,North America,United States of America,USA,SENTINEL,2021,17,2021-04-26T07:00:00.000Z,12668,12668,,0,0,,1,1,,0,0,,1,12667,1
AMR,North America,Bermuda,BMU,SENTINEL,2021,18,2021-05-03T07:00:00.000Z,,0,,,,,,,,,,,,0,1
AMR,North America,United States of America,USA,SENTINEL,2021,18,2021-05-03T07:00:00.000Z,10656,10656,,0,0,,0,,1,0,0,1,1,10655,1
AMR,North America,Bermuda,BMU,SENTINEL,2021,19,2021-05-10T07:00:00.000Z,,0,,,,,,,,,,,,0,1
AMR,North America,United States of America,USA,SENTINEL,2021,19,2021-05-10T07:00:00.000Z,9263,9263,,0,0,,0,,,0,0,,,9263,1
AMR,North America,Bermuda,BMU,SENTINEL,2021,20,2021-05-17T07:00:00.000Z,,0,,,,,,,,,,,,0,1
AMR,North America,United States of America,USA,SENTINEL,2021,20,2021-05-17T07:00:00.000Z,9931,9931,,0,0,,1,1,5,0,0,5,6,9925,1
AMR,North America,Bermuda,BMU,SENTINEL,2021,21,2021-05-24T07:00:00.000Z,,0,,,,,,,,,,,,0,1
AMR,North America,United States of America,USA,SENTINEL,2021,21,2021-05-24T07:00:00.000Z,8780,8780,,0,0,,0,,,0,0,,,8780,1
AMR,North America,Bermuda,BMU,SENTINEL,2021,22,2021-05-31T07:00:00.000Z,,0,,,,,,,,,,,,0,1
AMR,North America,United States of America,USA,SENTINEL,2021,22,2021-05-31T07:00:00.000Z,6727,6727,,1,0,,2,3,,0,1,1,4,6723,1
AMR,North America,Bermuda,BMU,SENTINEL,2021,23,2021-06-07T07:00:00.000Z,,0,,,,,,,,,,,,0,1
AMR,North America,United States of America,USA,SENTINEL,2021,23,2021-06-07T07:00:00.000Z,5568,5568,,0,0,,2,2,,0,0,,2,5566,1
AMR,North America,Bermuda,BMU,SENTINEL,2021,24,2021-06-14T07:00:00.000Z,,0,,,,,,,,,,,,0,1
AMR,North America,United States of America,USA,SENTINEL,2021,24,2021-06-14T07:00:00.000Z,5484,5484,,0,0,,0,,,0,0,,,5484,1
AMR,North America,Bermuda,BMU,SENTINEL,2021,25,2021-06-21T07:00:00.000Z,,0,,,,,,,,,,,,0,1
AMR,North America,United States of America,USA,SENTINEL,2021,25,2021-06-21T07:00:00.000Z,5949,5949,,1,0,,0,1,,0,0,,1,5948,1
AMR,North America,Bermuda,BMU,SENTINEL,2021,26,2021-06-28T07:00:00.000Z,,0,,,,,,,,,,,,0,1
AMR,North America,United States of America,USA,SENTINEL,2021,26,2021-06-28T07:00:00.000Z,7212,7212,,0,0,,1,1,,0,0,,1,7211,1
AMR,North America,Bermuda,BMU,SENTINEL,2021,27,2021-07-05T07:00:00.000Z,,0,,,,,,,,,,,,0,1
AMR,North America,United States of America,USA,SENTINEL,2021,27,2021-07-05T07:00:00.000Z,6592,6592,,1,1,,1,3,,0,1,1,4,6588,1
AMR,North America,Bermuda,BMU,SENTINEL,2021,28,2021-07-12T07:00:00.000Z,,0,,,,,,,,,,,,0,1
AMR,North America,United States of America,USA,SENTINEL,2021,28,2021-07-12T07:00:00.000Z,8830,8830,,0,3,,3,6,1,0,1,2,8,8822,1
AMR,North America,Bermuda,BMU,SENTINEL,2021,29,2021-07-19T07:00:00.000Z,,0,,,,,,,,,,,,0,1
AMR,North America,United States of America,USA,SENTINEL,2021,29,2021-07-19T07:00:00.000Z,8375,8375,,0,2,,0,2,,0,0,,2,8373,1
AMR,North America,Bermuda,BMU,SENTINEL,2021,30,2021-07-26T07:00:00.000Z,,0,,,,,,,,,,,,0,1
AMR,North America,United States of America,USA,SENTINEL,2021,30,2021-07-26T07:00:00.000Z,9073,9073,,1,1,,1,3,,0,0,,3,9070,1
AMR,North America,Bermuda,BMU,SENTINEL,2021,31,2021-08-02T07:00:00.000Z,,0,,,,,,,,,,,,0,1
AMR,North America,United States of America,USA,SENTINEL,2021,31,2021-08-02T07:00:00.000Z,13269,13269,,0,2,,3,5,,0,0,,5,13264,1
AMR,North America,Bermuda,BMU,SENTINEL,2021,32,2021-08-09T07:00:00.000Z,,0,,,,,,,,,,,,0,1
AMR,North America,United States of America,USA,SENTINEL,2021,32,2021-08-09T07:00:00.000Z,15806,15806,,0,1,,2,3,,0,0,,3,15802,1
AMR,North America,Bermuda,BMU,SENTINEL,2021,33,2021-08-16T07:00:00.000Z,,0,,,,,,,,,,,,0,1
AMR,North America,United States of America,USA,SENTINEL,2021,33,2021-08-16T07:00:00.000Z,21354,21354,,0,3,,2,5,,0,1,1,6,21348,1
AMR,North America,Bermuda,BMU,SENTINEL,2021,34,2021-08-23T07:00:00.000Z,,0,,,,,,,,,,,,0,1
AMR,North America,United States of America,USA,SENTINEL,2021,34,2021-08-23T07:00:00.000Z,23637,23637,,1,0,,5,6,,0,3,3,9,23628,1
AMR,North America,Bermuda,BMU,SENTINEL,2021,35,2021-08-30T07:00:00.000Z,,0,,,,,,,,,,,,0,1
AMR,North America,United States of America,USA,SENTINEL,2021,35,2021-08-30T07:00:00.000Z,24552,24552,,0,0,,0,,1,0,1,2,2,24550,1
AMR,North America,Bermuda,BMU,SENTINEL,2021,36,2021-09-06T07:00:00.000Z,,0,,,,,,,,,,,,0,1
AMR,North America,United States of America,USA,SENTINEL,2021,36,2021-09-06T07:00:00.000Z,20723,20723,,0,0,,6,6,,0,1,1,7,20716,1
AMR,North America,Bermuda,BMU,SENTINEL,2021,37,2021-09-13T07:00:00.000Z,,0,,,,,,,,,,,,0,1
AMR,North America,United States of America,USA,SENTINEL,2021,37,2021-09-13T07:00:00.000Z,20845,20845,,1,1,,3,5,4,0,0,4,9,20836,1
AMR,North America,Bermuda,BMU,SENTINEL,2021,38,2021-09-20T07:00:00.000Z,,0,,,,,,,,,,,,0,1
AMR,North America,United States of America,USA,SENTINEL,2021,38,2021-09-20T07:00:00.000Z,19512,19512,,3,2,,6,11,,0,0,,11,19501,1
AMR,North America,Bermuda,BMU,SENTINEL,2021,39,2021-09-27T07:00:00.000Z,,0,,,,,,,,,,,,0,1
AMR,North America,United States of America,USA,SENTINEL,2021,39,2021-09-27T07:00:00.000Z,17455,17455,,0,3,,1,4,,1,1,2,6,17449,1
AMR,North America,Bermuda,BMU,SENTINEL,2021,40,2021-10-04T07:00:00.000Z,,0,,,,,,,,,,,,0,1
AMR,North America,United States of America,USA,SENTINEL,2021,40,2021-10-04T07:00:00.000Z,19717,19717,,1,86,,5,92,3,0,4,7,99,19618,1
AMR,North America,Bermuda,BMU,SENTINEL,2021,41,2021-10-11T07:00:00.000Z,,0,,,,,,,,,,,,0,1
AMR,North America,United States of America,USA,SENTINEL,2021,41,2021-10-11T07:00:00.000Z,19250,19250,,0,93,,2,95,2,0,8,10,105,19144,1
AMR,North America,Bermuda,BMU,SENTINEL,2021,42,2021-10-18T07:00:00.000Z,,0,,,,,,,,,,,,0,1
AMR,North America,United States of America,USA,SENTINEL,2021,42,2021-10-18T07:00:00.000Z,24794,24794,,0,52,,3,55,3,0,4,7,62,24732,1
AMR,North America,Bermuda,BMU,SENTINEL,2021,43,2021-10-25T07:00:00.000Z,,0,,,,,,,,,,,,0,1
AMR,North America,United States of America,USA,SENTINEL,2021,43,2021-10-25T07:00:00.000Z,24959,24959,,0,50,,7,57,8,0,3,11,68,24891,1
AMR,North America,Bermuda,BMU,SENTINEL,2021,44,2021-11-01T07:00:00.000Z,,0,,,,,,,,,,,,0,1
AMR,North America,United States of America,USA,SENTINEL,2021,44,2021-11-01T07:00:00.000Z,24215,24215,,0,183,,11,194,4,0,1,5,199,24016,1
AMR,North America,Bermuda,BMU,SENTINEL,2021,45,2021-11-08T08:00:00.000Z,,0,,,,,,,,,,,,0,1
AMR,North America,United States of America,USA,SENTINEL,2021,45,2021-11-08T08:00:00.000Z,23094,23094,,0,213,,48,261,1,0,3,4,265,22829,1
AMR,North America,Bermuda,BMU,SENTINEL,2021,46,2021-11-15T08:00:00.000Z,,0,,,,,,,,,,,,0,1
AMR,North America,United States of America,USA,SENTINEL,2021,46,2021-11-15T08:00:00.000Z,23971,23971,,2,452,,77,531,4,0,5,9,540,23430,1
AMR,North America,Bermuda,BMU,SENTINEL,2021,47,2021-11-22T08:00:00.000Z,,0,,,,,,,,,,,,0,1
AMR,North America,United States of America,USA,SENTINEL,2021,47,2021-11-22T08:00:00.000Z,16622,16622,,1,526,,60,587,2,0,4,6,593,16029,1
AMR,North America,Bermuda,BMU,SENTINEL,2021,48,2021-11-29T08:00:00.000Z,,0,,,,,,,,,,,,0,1
AMR,North America,United States of America,USA,SENTINEL,2021,48,2021-11-29T08:00:00.000Z,25542,25542,,1,836,,136,973,3,0,4,7,980,24562,1
AMR,North America,Bermuda,BMU,SENTINEL,2021,49,2021-12-06T08:00:00.000Z,,0,,,,,,,,,,,,0,1
AMR,North America,United States of America,USA,SENTINEL,2021,49,2021-12-06T08:00:00.000Z,29962,29962,,0,952,,241,1193,2,0,1,3,1196,28766,1
AMR,North America,Bermuda,BMU,SENTINEL,2021,50,2021-12-13T08:00:00.000Z,,0,,,,,,,,,,,,0,1
AMR,North America,United States of America,USA,SENTINEL,2021,50,2021-12-13T08:00:00.000Z,32805,32805,,0,1097,,316,1413,,0,4,4,1417,31388,1
AMR,North America,Bermuda,BMU,SENTINEL,2021,51,2021-12-20T08:00:00.000Z,,0,,,,,,,,,,,,0,1
AMR,North America,United States of America,USA,SENTINEL,2021,51,2021-12-20T08:00:00.000Z,33188,33188,,0,1022,,287,1309,,0,3,3,1312,31876,1
AMR,North America,Bermuda,BMU,SENTINEL,2021,52,2021-12-27T08:00:00.000Z,,0,,,,,,,,,,,,0,1
AMR,North America,United States of America,USA,SENTINEL,2021,52,2021-12-27T08:00:00.000Z,43706,43706,,0,1016,,506,1522,,0,6,6,1528,42178,1
AMR,North America,Bermuda,BMU,SENTINEL,2022,1,2022-01-03T08:00:00.000Z,,0,,,,,,,,,,,,0,1
AMR,North America,United States of America,USA,SENTINEL,2022,1,2022-01-03T08:00:00.000Z,66341,66341,,0,814,,344,1158,,0,8,8,1166,65175,1
AMR,North America,Bermuda,BMU,SENTINEL,2022,2,2022-01-10T08:00:00.000Z,,0,,,,,,,,,,,,0,1
AMR,North America,United States of America,USA,SENTINEL,2022,2,2022-01-10T08:00:00.000Z,66684,66684,,0,635,,393,1028,,0,2,2,1030,65654,1
AMR,North America,Bermuda,BMU,SENTINEL,2022,3,2022-01-17T08:00:00.000Z,,0,,,,,,,,,,,,0,1
AMR,North America,United States of America,USA,SENTINEL,2022,3,2022-01-17T08:00:00.000Z,49917,49917,,0,529,,202,731,,0,1,1,732,49185,1
AMR,North America,Bermuda,BMU,SENTINEL,2022,4,2022-01-24T08:00:00.000Z,,0,,,,,,,,,,,,0,1
AMR,North America,United States of America,USA,SENTINEL,2022,4,2022-01-24T08:00:00.000Z,40883,40883,,0,403,,189,592,2,0,5,7,599,40284,1
AMR,North America,Bermuda,BMU,SENTINEL,2022,5,2022-01-31T08:00:00.000Z,,0,,,,,,,,,,,,0,1
AMR,North America,United States of America,USA,SENTINEL,2022,5,2022-01-31T08:00:00.000Z,27696,27696,,0,387,,121,508,1,0,3,4,512,27184,1
AMR,North America,Bermuda,BMU,SENTINEL,2022,6,2022-02-07T08:00:00.000Z,,0,,,,,,,,,,,,0,1
AMR,North America,United States of America,USA,SENTINEL,2022,6,2022-02-07T08:00:00.000Z,26692,26692,,0,488,,147,635,,0,2,2,637,26055,1
AMR,North America,Bermuda,BMU,SENTINEL,2022,7,2022-02-14T08:00:00.000Z,,0,,,,,,,,,,,,0,1
AMR,North America,United States of America,USA,SENTINEL,2022,7,2022-02-14T08:00:00.000Z,22867,22867,,1,408,,162,571,1,0,1,2,573,22294,1
AMR,North America,Bermuda,BMU,SENTINEL,2022,8,2022-02-21T08:00:00.000Z,,0,,,,,,,,,,,,0,1
AMR,North America,United States of America,USA,SENTINEL,2022,8,2022-02-21T08:00:00.000Z,18155,18155,,0,371,,128,499,,0,2,2,501,17654,1
AMR,North America,Bermuda,BMU,SENTINEL,2022,9,2022-02-28T08:00:00.000Z,,0,,,,,,,,,,,,0,1
AMR,North America,United States of America,USA,SENTINEL,2022,9,2022-02-28T08:00:00.000Z,17681,17681,,1,476,,135,612,1,0,2,3,615,17066,1
AMR,North America,Bermuda,BMU,SENTINEL,2022,10,2022-03-07T08:00:00.000Z,,0,,,,,,,,,,,,0,1
AMR,North America,United States of America,USA,SENTINEL,2022,10,2022-03-07T08:00:00.000Z,15973,15973,,0,489,,109,598,1,0,0,1,599,15374,1
AMR,North America,Bermuda,BMU,SENTINEL,2022,11,2022-03-14T07:00:00.000Z,,0,,,,,,,,,,,,0,1
AMR,North America,United States of America,USA,SENTINEL,2022,11,2022-03-14T07:00:00.000Z,13891,13891,,3,474,,131,608,,0,0,,608,13283,1
AMR,North America,Bermuda,BMU,SENTINEL,2022,12,2022-03-21T07:00:00.000Z,,0,,,,,,,,,,,,0,1
AMR,North America,United States of America,USA,SENTINEL,2022,12,2022-03-21T07:00:00.000Z,14380,14380,,0,603,,98,701,,0,1,1,702,13678,1
AMR,North America,Bermuda,BMU,SENTINEL,2022,13,2022-03-28T07:00:00.000Z,,0,,,,,,,,,,,,0,1
AMR,North America,United States of America,USA,SENTINEL,2022,13,2022-03-28T07:00:00.000Z,13833,13833,,0,666,,114,780,1,0,1,2,782,13051,1
AMR,North America,Bermuda,BMU,SENTINEL,2022,14,2022-04-04T07:00:00.000Z,,0,,,,,,,,,,,,0,1
AMR,North America,United States of America,USA,SENTINEL,2022,14,2022-04-04T07:00:00.000Z,13517,13517,,0,615,,96,711,1,0,1,2,713,12804,1
AMR,North America,Bermuda,BMU,SENTINEL,2022,15,2022-04-11T07:00:00.000Z,,0,,,,,,,,,,,,0,1
AMR,North America,United States of America,USA,SENTINEL,2022,15,2022-04-11T07:00:00.000Z,13937,13937,,0,689,,119,808,,0,4,4,812,13125,1
AMR,North America,Bermuda,BMU,SENTINEL,2022,16,2022-04-18T07:00:00.000Z,,0,,,,,,,,,,,,0,1
AMR,North America,United States of America,USA,SENTINEL,2022,16,2022-04-18T07:00:00.000Z,14154,14154,,3,703,,125,831,,0,3,3,834,13320,1
AMR,North America,Bermuda,BMU,SENTINEL,2022,17,2022-04-25T07:00:00.000Z,,0,,,,,,,,,,,,0,1
AMR,North America,United States of America,USA,SENTINEL,2022,17,2022-04-25T07:00:00.000Z,14784,14784,,3,696,,99,798,,0,1,1,799,13985,1
AMR,North America,Bermuda,BMU,SENTINEL,2022,18,2022-05-02T07:00:00.000Z,,0,,,,,,,,,,,,0,1
AMR,North America,United States of America,USA,SENTINEL,2022,18,2022-05-02T07:00:00.000Z,15465,15465,,3,741,,92,836,,0,1,1,837,14628,1
AMR,North America,Bermuda,BMU,SENTINEL,2022,19,2022-05-09T07:00:00.000Z,,0,,,,,,,,,,,,0,1
AMR,North America,United States of America,USA,SENTINEL,2022,19,2022-05-09T07:00:00.000Z,15407,15407,,1,647,,170,818,,0,3,3,821,14586,1
AMR,North America,Bermuda,BMU,SENTINEL,2022,20,2022-05-16T07:00:00.000Z,,0,,,,,,,,,,,,0,1
AMR,North America,United States of America,USA,SENTINEL,2022,20,2022-05-16T07:00:00.000Z,15694,15694,,4,623,,149,776,,0,1,1,777,14917,1
AMR,North America,Bermuda,BMU,SENTINEL,2022,21,2022-05-23T07:00:00.000Z,,0,,,,,,,,,,,,0,1
AMR,North America,United States of America,USA,SENTINEL,2022,21,2022-05-23T07:00:00.000Z,15103,15103,,1,512,,114,627,,0,1,1,628,14475,1
AMR,North America,Bermuda,BMU,SENTINEL,2022,22,2022-05-30T07:00:00.000Z,,0,,,,,,,,,,,,0,1
AMR,North America,United States of America,USA,SENTINEL,2022,22,2022-05-30T07:00:00.000Z,14157,14157,,1,472,,101,574,,0,1,1,575,13582,1
AMR,North America,Bermuda,BMU,SENTINEL,2022,23,2022-06-06T07:00:00.000Z,,0,,,,,,,,,,,,0,1
AMR,North America,United States of America,USA,SENTINEL,2022,23,2022-06-06T07:00:00.000Z,15100,15100,,0,349,,75,424,,0,2,2,426,14674,1
AMR,North America,Bermuda,BMU,SENTINEL,2022,24,2022-06-13T07:00:00.000Z,,0,,,,,,,,,,,,0,1
AMR,North America,United States of America,USA,SENTINEL,2022,24,2022-06-13T07:00:00.000Z,15901,15901,,0,307,,46,353,,0,3,3,356,15545,1
AMR,North America,Bermuda,BMU,SENTINEL,2022,25,2022-06-20T07:00:00.000Z,,0,,,,,,,,,,,,0,1
AMR,North America,United States of America,USA,SENTINEL,2022,25,2022-06-20T07:00:00.000Z,17089,17089,,0,168,,29,197,,0,1,1,198,16891,1
AMR,North America,Bermuda,BMU,SENTINEL,2022,26,2022-06-27T07:00:00.000Z,,0,,,,,,,,,,,,0,1
AMR,North America,United States of America,USA,SENTINEL,2022,26,2022-06-27T07:00:00.000Z,19211,19211,,1,76,,25,102,,0,1,1,103,19108,1
AMR,North America,Bermuda,BMU,SENTINEL,2022,27,2022-07-04T07:00:00.000Z,,0,,,,,,,,,,,,0,1
AMR,North America,United States of America,USA,SENTINEL,2022,27,2022-07-04T07:00:00.000Z,18863,18863,,0,85,,12,97,,0,1,1,98,18765,1
AMR,North America,Bermuda,BMU,SENTINEL,2022,28,2022-07-11T07:00:00.000Z,,0,,,,,,,,,,,,0,1
AMR,North America,United States of America,USA,SENTINEL,2022,28,2022-07-11T07:00:00.000Z,20102,20102,,0,115,,11,126,,0,1,1,127,19975,1
AMR,North America,Bermuda,BMU,SENTINEL,2022,29,2022-07-18T07:00:00.000Z,,0,,,,,,,,,,,,0,1
AMR,North America,United States of America,USA,SENTINEL,2022,29,2022-07-18T07:00:00.000Z,21097,21097,,1,42,,9,52,,0,4,4,56,21041,1
AMR,North America,Bermuda,BMU,SENTINEL,2022,30,2022-07-25T07:00:00.000Z,,0,,,,,,,,,,,,0,1
AMR,North America,United States of America,USA,SENTINEL,2022,30,2022-07-25T07:00:00.000Z,21459,21459,,0,31,,15,46,,0,3,3,49,21410,1
AMR,North America,Bermuda,BMU,SENTINEL,2022,31,2022-08-01T07:00:00.000Z,,0,,,,,,,,,,,,0,1
AMR,North America,United States of America,USA,SENTINEL,2022,31,2022-08-01T07:00:00.000Z,18775,18775,,2,40,,16,58,,0,2,2,60,18712,1
AMR,North America,Bermuda,BMU,SENTINEL,2022,32,2022-08-08T07:00:00.000Z,,0,,,,,,,,,,,,0,1
AMR,North America,United States of America,USA,SENTINEL,2022,32,2022-08-08T07:00:00.000Z,15390,15390,,1,84,,7,92,,0,2,2,94,15296,1
AMR,North America,Bermuda,BMU,SENTINEL,2022,33,2022-08-15T07:00:00.000Z,,0,,,,,,,,,,,,0,1
AMR,North America,United States of America,USA,SENTINEL,2022,33,2022-08-15T07:00:00.000Z,20736,20736,,6,67,,7,80,1,0,1,2,82,20654,1
AMR,North America,Bermuda,BMU,SENTINEL,2022,34,2022-08-22T07:00:00.000Z,,0,,,,,,,,,,,,0,1
AMR,North America,United States of America,USA,SENTINEL,2022,34,2022-08-22T07:00:00.000Z,18609,18609,,11,77,,7,95,2,0,0,2,97,18512,1
AMR,North America,Bermuda,BMU,SENTINEL,2022,35,2022-08-29T07:00:00.000Z,,0,,,,,,,,,,,,0,1
AMR,North America,United States of America,USA,SENTINEL,2022,35,2022-08-29T07:00:00.000Z,16469,16469,,8,71,,8,87,1,0,3,4,91,16378,1
AMR,North America,Bermuda,BMU,SENTINEL,2022,36,2022-09-05T07:00:00.000Z,,0,,,,,,,,,,,,0,1
AMR,North America,United States of America,USA,SENTINEL,2022,36,2022-09-05T07:00:00.000Z,11581,11581,,8,72,,11,91,,0,0,,91,11489,1
AMR,North America,Bermuda,BMU,SENTINEL,2022,37,2022-09-12T07:00:00.000Z,,0,,,,,,,,,,,,0,1
AMR,North America,United States of America,USA,SENTINEL,2022,37,2022-09-12T07:00:00.000Z,11629,11629,,5,68,,8,81,,0,5,5,86,11543,1
AMR,North America,Bermuda,BMU,SENTINEL,2022,38,2022-09-19T07:00:00.000Z,,0,,,,,,,,,,,,0,1
AMR,North America,United States of America,USA,SENTINEL,2022,38,2022-09-19T07:00:00.000Z,11300,11300,,17,110,,10,137,3,0,7,10,147,11153,1
AMR,North America,Bermuda,BMU,SENTINEL,2022,39,2022-09-26T07:00:00.000Z,,0,,,,,,,,,,,,0,1
AMR,North America,United States of America,USA,SENTINEL,2022,39,2022-09-26T07:00:00.000Z,9961,9961,,25,112,,18,155,1,0,3,4,159,9802,1
AMR,North America,Bermuda,BMU,SENTINEL,2022,40,2022-10-03T07:00:00.000Z,,0,,,,,,,,,,,,0,1
AMR,North America,United States of America,USA,SENTINEL,2022,40,2022-10-03T07:00:00.000Z,9119,9119,,39,239,,19,297,5,0,3,8,305,8814,1
AMR,North America,Bermuda,BMU,SENTINEL,2022,41,2022-10-10T07:00:00.000Z,,0,,,,,,,,,,,,0,1
AMR,North America,United States of America,USA,SENTINEL,2022,41,2022-10-10T07:00:00.000Z,8513,8513,,66,364,,23,453,5,0,3,8,461,8052,1
AMR,North America,Bermuda,BMU,SENTINEL,2022,42,2022-10-17T07:00:00.000Z,,0,,,,,,,,,,,,0,1
AMR,North America,United States of America,USA,SENTINEL,2022,42,2022-10-17T07:00:00.000Z,9396,9396,,114,449,,33,596,6,0,4,10,606,8789,1
AMR,North America,Bermuda,BMU,SENTINEL,2022,43,2022-10-24T07:00:00.000Z,,0,,,,,,,,,,,,0,1
AMR,North America,United States of America,USA,SENTINEL,2022,43,2022-10-24T07:00:00.000Z,9430,9430,,230,706,,51,987,3,0,2,5,992,8438,1
AMR,North America,Bermuda,BMU,SENTINEL,2022,44,2022-10-31T07:00:00.000Z,,0,,,,,,,,,,,,0,1
AMR,North America,United States of America,USA,SENTINEL,2022,44,2022-10-31T07:00:00.000Z,10298,10298,,316,917,,175,1408,5,0,4,9,1417,8881,1
AMR,North America,Bermuda,BMU,SENTINEL,2022,45,2022-11-07T08:00:00.000Z,,0,,,,,,,,,,,,0,1
AMR,North America,United States of America,USA,SENTINEL,2022,45,2022-11-07T08:00:00.000Z,9489,9489,,323,1195,,192,1710,2,0,1,3,1713,7776,1
AMR,North America,Bermuda,BMU,SENTINEL,2022,46,2022-11-14T08:00:00.000Z,,0,,,,,,,,,,,,0,1
AMR,North America,United States of America,USA,SENTINEL,2022,46,2022-11-14T08:00:00.000Z,11432,11432,,443,1557,,332,2332,2,0,4,6,2338,9094,1
AMR,North America,Bermuda,BMU,SENTINEL,2022,47,2022-11-21T08:00:00.000Z,,0,,,,,,,,,,,,0,1
AMR,North America,United States of America,USA,SENTINEL,2022,47,2022-11-21T08:00:00.000Z,9779,9779,,461,1844,,359,2664,2,0,1,3,2667,7112,1
AMR,North America,Bermuda,BMU,SENTINEL,2022,48,2022-11-28T08:00:00.000Z,,0,,,,,,,,,,,,0,1
AMR,North America,United States of America,USA,SENTINEL,2022,48,2022-11-28T08:00:00.000Z,12376,12376,,646,2086,,650,3382,3,0,1,4,3386,8989,1
AMR,North America,Bermuda,BMU,SENTINEL,2022,49,2022-12-05T08:00:00.000Z,,0,,,,,,,,,,,,0,1
AMR,North America,United States of America,USA,SENTINEL,2022,49,2022-12-05T08:00:00.000Z,11785,11785,,548,2013,,578,3139,4,0,2,6,3145,8640,1
AMR,North America,Bermuda,BMU,SENTINEL,2022,50,2022-12-12T08:00:00.000Z,,0,,,,,,,,,,,,0,1
AMR,North America,United States of America,USA,SENTINEL,2022,50,2022-12-12T08:00:00.000Z,11421,11421,,535,1729,,541,2805,4,0,1,5,2810,8611,1
AMR,North America,Bermuda,BMU,SENTINEL,2022,51,2022-12-19T08:00:00.000Z,,0,,,,,,,,,,,,0,1
AMR,North America,United States of America,USA,SENTINEL,2022,51,2022-12-19T08:00:00.000Z,9432,9432,,456,1199,,474,2129,6,0,3,9,2138,7294,1
AMR,North America,Bermuda,BMU,SENTINEL,2022,52,2022-12-26T08:00:00.000Z,,0,,,,,,,,,,,,0,1
AMR,North America,United States of America,USA,SENTINEL,2022,52,2022-12-26T08:00:00.000Z,8085,8085,,443,850,,258,1551,7,0,0,7,1558,6527,1
AMR,North America,Bermuda,BMU,SENTINEL,2023,1,2023-01-02T08:00:00.000Z,,0,,,,,,,,,,,,0,1
AMR,North America,United States of America,USA,SENTINEL,2023,1,2023-01-02T08:00:00.000Z,8693,8693,,398,822,,227,1447,12,0,2,14,1461,7232,1
AMR,North America,Bermuda,BMU,SENTINEL,2023,2,2023-01-09T08:00:00.000Z,,0,,,,,,,,,,,,0,1
AMR,North America,United States of America,USA,SENTINEL,2023,2,2023-01-09T08:00:00.000Z,8310,8310,,223,527,,96,846,13,0,1,14,860,7450,1
AMR,North America,Bermuda,BMU,SENTINEL,2023,3,2023-01-16T08:00:00.000Z,,0,,,,,,,,,,,,0,1
AMR,North America,United States of America,USA,SENTINEL,2023,3,2023-01-16T08:00:00.000Z,7489,7489,,210,324,,66,600,12,0,4,16,616,6873,1
AMR,North America,Bermuda,BMU,SENTINEL,2023,4,2023-01-23T08:00:00.000Z,,0,,,,,,,,,,,,0,1
AMR,North America,United States of America,USA,SENTINEL,2023,4,2023-01-23T08:00:00.000Z,6770,6770,,123,165,,40,328,10,0,0,10,338,6432,1
AMR,North America,Bermuda,BMU,SENTINEL,2023,5,2023-01-30T08:00:00.000Z,,0,,,,,,,,,,,,0,1
AMR,North America,United States of America,USA,SENTINEL,2023,5,2023-01-30T08:00:00.000Z,6153,6153,,121,118,,24,263,18,0,2,20,283,5870,1
AMR,North America,Bermuda,BMU,SENTINEL,2023,6,2023-02-06T08:00:00.000Z,,0,,,,,,,,,,,,0,1
AMR,North America,United States of America,USA,SENTINEL,2023,6,2023-02-06T08:00:00.000Z,7284,7284,,131,115,,25,271,21,0,6,27,298,6986,1
AMR,North America,Bermuda,BMU,SENTINEL,2023,7,2023-02-13T08:00:00.000Z,,0,,,,,,,,,,,,0,1
AMR,North America,United States of America,USA,SENTINEL,2023,7,2023-02-13T08:00:00.000Z,7331,7331,,85,69,,18,172,26,0,3,29,201,7130,1
AMR,North America,Bermuda,BMU,SENTINEL,2023,8,2023-02-20T08:00:00.000Z,,0,,,,,,,,,,,,0,1
AMR,North America,United States of America,USA,SENTINEL,2023,8,2023-02-20T08:00:00.000Z,6671,6671,,61,60,,17,138,14,0,4,18,156,6515,1
AMR,North America,Bermuda,BMU,SENTINEL,2023,9,2023-02-27T08:00:00.000Z,,0,,,,,,,,,,,,0,1
AMR,North America,United States of America,USA,SENTINEL,2023,9,2023-02-27T08:00:00.000Z,7118,7118,,75,53,,13,141,28,0,8,36,177,6941,1
AMR,North America,Bermuda,BMU,SENTINEL,2023,10,2023-03-06T08:00:00.000Z,,0,,,,,,,,,,,,0,1
AMR,North America,United States of America,USA,SENTINEL,2023,10,2023-03-06T08:00:00.000Z,6895,6895,,75,44,,14,133,21,0,10,31,164,6731,1
AMR,North America,Bermuda,BMU,SENTINEL,2023,11,2023-03-13T07:00:00.000Z,,0,,,,,,,,,,,,0,1
AMR,North America,United States of America,USA,SENTINEL,2023,11,2023-03-13T07:00:00.000Z,6185,6185,,59,28,,8,95,25,0,9,34,129,6056,1
AMR,North America,Bermuda,BMU,SENTINEL,2023,12,2023-03-20T07:00:00.000Z,,0,,,,,,,,,,,,0,1
AMR,North America,United States of America,USA,SENTINEL,2023,12,2023-03-20T07:00:00.000Z,6174,6174,,60,38,,11,109,34,0,15,49,158,6016,1
AMR,North America,Bermuda,BMU,SENTINEL,2023,13,2023-03-27T07:00:00.000Z,,0,,,,,,,,,,,,0,1
AMR,North America,United States of America,USA,SENTINEL,2023,13,2023-03-27T07:00:00.000Z,5092,5092,,57,17,,16,90,41,0,10,51,141,4951,1
AMR,North America,Bermuda,BMU,SENTINEL,2023,14,2023-04-03T07:00:00.000Z,,0,,,,,,,,,,,,0,1
AMR,North America,United States of America,USA,SENTINEL,2023,14,2023-04-03T07:00:00.000Z,5030,5030,,65,19,,11,95,37,0,14,51,146,4884,1
AMR,North America,Bermuda,BMU,SENTINEL,2023,15,2023-04-10T07:00:00.000Z,,0,,,,,,,,,,,,0,1
AMR,North America,United States of America,USA,SENTINEL,2023,15,2023-04-10T07:00:00.000Z,4977,4977,,47,6,,9,62,37,0,11,48,110,4867,1
AMR,North America,Bermuda,BMU,SENTINEL,2023,16,2023-04-17T07:00:00.000Z,,0,,,,,,,,,,,,0,1
AMR,North America,United States of America,USA,SENTINEL,2023,16,2023-04-17T07:00:00.000Z,4130,4130,,33,12,,2,47,46,0,17,63,110,4020,1
AMR,North America,Bermuda,BMU,SENTINEL,2023,17,2023-04-24T07:00:00.000Z,,0,,,,,,,,,,,,0,1
AMR,North America,United States of America,USA,SENTINEL,2023,17,2023-04-24T07:00:00.000Z,4094,4094,,42,18,,2,62,49,0,11,60,122,3972,1
AMR,North America,Bermuda,BMU,SENTINEL,2023,18,2023-05-01T07:00:00.000Z,,0,,,,,,,,,,,,0,1
AMR,North America,United States of America,USA,SENTINEL,2023,18,2023-05-01T07:00:00.000Z,3958,3958,,41,9,,2,52,54,0,11,65,117,3841,1
AMR,North America,Bermuda,BMU,SENTINEL,2023,19,2023-05-08T07:00:00.000Z,,0,,,,,,,,,,,,0,1
AMR,North America,United States of America,USA,SENTINEL,2023,19,2023-05-08T07:00:00.000Z,3626,3626,,50,4,,2,56,68,0,8,76,132,3494,1
AMR,North America,Bermuda,BMU,SENTINEL,2023,20,2023-05-15T07:00:00.000Z,,0,,,,,,,,,,,,0,1
AMR,North America,United States of America,USA,SENTINEL,2023,20,2023-05-15T07:00:00.000Z,3246,3246,,45,10,,3,58,59,0,10,69,127,3119,1
AMR,North America,Bermuda,BMU,SENTINEL,2023,21,2023-05-22T07:00:00.000Z,,0,,,,,,,,,,,,0,1
AMR,North America,United States of America,USA,SENTINEL,2023,21,2023-05-22T07:00:00.000Z,2965,2965,,41,3,,5,49,43,0,14,57,106,2859,1
AMR,North America,Bermuda,BMU,SENTINEL,2023,22,2023-05-29T07:00:00.000Z,,0,,,,,,,,,,,,0,1
AMR,North America,United States of America,USA,SENTINEL,2023,22,2023-05-29T07:00:00.000Z,2474,2474,,56,1,,5,62,39,0,11,50,112,2362,1
AMR,North America,Bermuda,BMU,SENTINEL,2023,23,2023-06-05T07:00:00.000Z,,0,,,,,,,,,,,,0,1
AMR,North America,United States of America,USA,SENTINEL,2023,23,2023-06-05T07:00:00.000Z,2691,2691,,67,5,,3,75,58,0,13,71,146,2545,1
AMR,North America,Bermuda,BMU,SENTINEL,2023,24,2023-06-12T07:00:00.000Z,,0,,,,,,,,,,,,0,1
AMR,North America,United States of America,USA,SENTINEL,2023,24,2023-06-12T07:00:00.000Z,2271,2271,,62,3,,7,72,42,0,7,49,121,2150,1
AMR,North America,Bermuda,BMU,SENTINEL,2023,25,2023-06-19T07:00:00.000Z,,0,,,,,,,,,,,,0,1
AMR,North America,United States of America,USA,SENTINEL,2023,25,2023-06-19T07:00:00.000Z,2338,2338,,68,5,,4,77,36,0,5,41,118,2220,1
AMR,North America,Bermuda,BMU,SENTINEL,2023,26,2023-06-26T07:00:00.000Z,,0,,,,,,,,,,,,0,1
AMR,North America,United States of America,USA,SENTINEL,2023,26,2023-06-26T07:00:00.000Z,2414,2414,,63,17,,5,85,54,0,3,57,142,2272,1
AMR,North America,Bermuda,BMU,SENTINEL,2023,27,2023-07-03T07:00:00.000Z,,0,,,,,,,,,,,,0,1
AMR,North America,United States of America,USA,SENTINEL,2023,27,2023-07-03T07:00:00.000Z,1828,1828,,61,1,,4,66,33,0,4,37,103,1725,1
AMR,North America,Bermuda,BMU,SENTINEL,2023,28,2023-07-10T07:00:00.000Z,,0,,,,,,,,,,,,0,1
AMR,North America,United States of America,USA,SENTINEL,2023,28,2023-07-10T07:00:00.000Z,2168,2168,,58,4,,5,67,26,0,1,27,94,2074,1
AMR,North America,Bermuda,BMU,SENTINEL,2023,29,2023-07-17T07:00:00.000Z,,0,,,,,,,,,,,,0,1
AMR,North America,United States of America,USA,SENTINEL,2023,29,2023-07-17T07:00:00.000Z,2099,2099,,62,7,,1,70,16,0,2,18,88,2011,1
AMR,North America,Bermuda,BMU,SENTINEL,2023,30,2023-07-24T07:00:00.000Z,,0,,,,,,,,,,,,0,1
AMR,North America,United States of America,USA,SENTINEL,2023,30,2023-07-24T07:00:00.000Z,1667,1667,,48,5,,1,54,29,0,1,30,84,1583,1
AMR,North America,Bermuda,BMU,SENTINEL,2023,31,2023-07-31T07:00:00.000Z,,0,,,,,,,,,,,,0,1
AMR,North America,United States of America,USA,SENTINEL,2023,31,2023-07-31T07:00:00.000Z,1472,1472,,73,6,,6,85,25,0,1,26,111,1361,1
AMR,North America,Bermuda,BMU,SENTINEL,2023,32,2023-08-07T07:00:00.000Z,,0,,,,,,,,,,,,0,1
AMR,North America,United States of America,USA,SENTINEL,2023,32,2023-08-07T07:00:00.000Z,1957,1957,,45,5,,9,59,32,0,3,35,94,1863,1
AMR,North America,Bermuda,BMU,SENTINEL,2023,33,2023-08-14T07:00:00.000Z,,0,,,,,,,,,,,,0,1
AMR,North America,United States of America,USA,SENTINEL,2023,33,2023-08-14T07:00:00.000Z,1875,1875,,53,13,,7,73,21,0,1,22,95,1780,1
AMR,North America,Bermuda,BMU,SENTINEL,2023,34,2023-08-21T07:00:00.000Z,,0,,,,,,,,,,,,0,1
AMR,North America,United States of America,USA,SENTINEL,2023,34,2023-08-21T07:00:00.000Z,1931,1931,,57,9,,3,69,24,0,9,33,102,1829,1
AMR,North America,Bermuda,BMU,SENTINEL,2023,35,2023-08-28T07:00:00.000Z,,0,,,,,,,,,,,,0,1
AMR,North America,United States of America,USA,SENTINEL,2023,35,2023-08-28T07:00:00.000Z,2046,2046,,58,10,,9,77,12,0,3,15,92,1954,1
AMR,North America,Bermuda,BMU,SENTINEL,2023,36,2023-09-04T07:00:00.000Z,,0,,,,,,,,,,,,0,1
AMR,North America,United States of America,USA,SENTINEL,2023,36,2023-09-04T07:00:00.000Z,2401,2401,,65,8,,19,92,22,0,6,28,120,2281,1
AMR,North America,Bermuda,BMU,SENTINEL,2023,37,2023-09-11T07:00:00.000Z,,0,,,,,,,,,,,,0,1
AMR,North America,United States of America,USA,SENTINEL,2023,37,2023-09-11T07:00:00.000Z,3316,3316,,59,15,,8,82,22,0,1,23,105,3211,1
AMR,North America,United States of America,USA,SENTINEL,2023,38,2023-09-18T07:00:00.000Z,3221,3221,,91,10,,6,107,35,0,1,36,143,3078,1
AMR,North America,United States of America,USA,SENTINEL,2023,39,2023-09-25T07:00:00.000Z,3115,3115,,122,10,,7,139,24,0,6,30,169,2946,1
AMR,North America,United States of America,USA,SENTINEL,2023,40,2023-10-02T07:00:00.000Z,3057,3057,,176,16,,10,202,48,0,3,51,253,2804,1
AMR,North America,United States of America,USA,SENTINEL,2023,41,2023-10-09T07:00:00.000Z,3060,3060,,213,22,,12,247,68,0,5,73,320,2740,1
AMR,North America,United States of America,USA,SENTINEL,2023,42,2023-10-16T07:00:00.000Z,3409,3409,,276,26,,34,336,73,0,12,85,421,2988,1
AMR,North America,United States of America,USA,SENTINEL,2023,43,2023-10-23T07:00:00.000Z,2918,2918,,240,36,,48,324,68,0,14,82,406,2512,1
AMR,North America,United States of America,USA,SENTINEL,2023,44,2023-10-30T07:00:00.000Z,3158,3158,,291,41,,63,395,90,0,13,103,498,2660,1
AMR,North America,United States of America,USA,SENTINEL,2023,45,2023-11-06T08:00:00.000Z,3293,3293,,483,61,,111,655,133,0,29,162,817,2476,1
AMR,North America,United States of America,USA,SENTINEL,2023,46,2023-11-13T08:00:00.000Z,3891,3891,,486,103,,149,738,142,0,43,185,923,2968,1
AMR,North America,United States of America,USA,SENTINEL,2023,47,2023-11-20T08:00:00.000Z,3018,3018,,579,124,,140,843,140,0,27,167,1010,2008,1
AMR,North America,United States of America,USA,SENTINEL,2023,48,2023-11-27T08:00:00.000Z,4215,4215,,707,176,,174,1057,219,0,24,243,1300,2915,1
AMR,North America,United States of America,USA,SENTINEL,2023,49,2023-12-04T08:00:00.000Z,4510,4510,,970,271,,245,1486,261,0,52,313,1799,2711,1
AMR,North America,United States of America,USA,SENTINEL,2023,50,2023-12-11T08:00:00.000Z,4983,4983,,998,282,,421,1701,292,0,81,373,2074,2909,1
AMR,North America,United States of America,USA,SENTINEL,2023,51,2023-12-18T08:00:00.000Z,5055,5055,,1220,326,,300,1846,267,0,36,303,2149,2906,1
AMR,North America,United States of America,USA,SENTINEL,2023,52,2023-12-25T08:00:00.000Z,4470,4470,,1200,295,,275,1770,230,0,21,251,2021,2449,1
AMR,North America,United States of America,USA,SENTINEL,2024,1,2024-01-01T08:00:00.000Z,4859,4859,,1097,327,,267,1691,311,0,57,368,2059,2800,1
AMR,North America,United States of America,USA,SENTINEL,2024,2,2024-01-08T08:00:00.000Z,5084,5084,,904,337,,279,1520,257,0,60,317,1837,3247,1
AMR,North America,United States of America,USA,SENTINEL,2024,3,2024-01-15T08:00:00.000Z,3781,3781,,777,291,,181,1249,208,0,46,254,1503,2278,1
AMR,North America,United States of America,USA,SENTINEL,2024,4,2024-01-22T08:00:00.000Z,4273,4273,,759,392,,187,1338,272,0,55,327,1665,2608,1
AMR,North America,United States of America,USA,SENTINEL,2024,5,2024-01-29T08:00:00.000Z,4090,4090,,688,392,,141,1221,363,0,53,416,1637,2453,1
AMR,North America,United States of America,USA,SENTINEL,2024,6,2024-02-05T08:00:00.000Z,3993,3993,,598,433,,169,1200,430,0,63,493,1693,2300,1
AMR,North America,United States of America,USA,SENTINEL,2024,7,2024-02-12T08:00:00.000Z,4161,4161,,508,428,,147,1083,438,0,56,494,1577,2584,1
AMR,North America,United States of America,USA,SENTINEL,2024,8,2024-02-19T08:00:00.000Z,3959,3959,,470,426,,171,1067,481,0,63,544,1611,2348,1
AMR,North America,United States of America,USA,SENTINEL,2024,9,2024-02-26T08:00:00.000Z,3973,3973,,452,379,,139,970,447,0,48,495,1465,2508,1
AMR,North America,United States of America,USA,SENTINEL,2024,10,2024-03-04T08:00:00.000Z,3615,3615,,352,389,,122,863,463,0,39,502,1365,2250,1
AMR,North America,United States of America,USA,SENTINEL,2024,11,2024-03-11T07:00:00.000Z,3068,3068,,255,316,,108,679,393,0,32,425,1104,1964,1
AMR,North America,United States of America,USA,SENTINEL,2024,12,2024-03-18T07:00:00.000Z,2807,2807,,231,290,,95,616,312,0,34,346,962,1845,1
AMR,North America,United States of America,USA,SENTINEL,2024,13,2024-03-25T07:00:00.000Z,2683,2683,,209,266,,66,541,262,0,30,292,833,1850,1
AMR,North America,United States of America,USA,SENTINEL,2024,14,2024-04-01T07:00:00.000Z,1978,1978,,173,279,,51,503,243,0,31,274,777,1201,1
AMR,North America,United States of America,USA,SENTINEL,2024,15,2024-04-08T07:00:00.000Z,1797,1797,,173,255,,41,469,220,0,15,235,704,1093,1
AMR,North America,United States of America,USA,SENTINEL,2024,16,2024-04-15T07:00:00.000Z,1570,1570,,124,186,,59,369,161,0,25,186,555,1015,1
AMR,North America,United States of America,USA,SENTINEL,2024,17,2024-04-22T07:00:00.000Z,1376,1376,,90,136,,28,254,126,0,20,146,400,976,1
AMR,North America,United States of America,USA,SENTINEL,2024,18,2024-04-29T07:00:00.000Z,1179,1179,,89,118,,27,234,81,0,11,92,326,853,1
AMR,North America,United States of America,USA,SENTINEL,2024,19,2024-05-06T07:00:00.000Z,1090,1090,,45,77,,19,141,66,0,17,83,224,866,1
AMR,North America,United States of America,USA,SENTINEL,2024,20,2024-05-13T07:00:00.000Z,793,793,,28,37,,18,83,22,0,12,34,117,676,1
AMR,North America,United States of America,USA,SENTINEL,2024,21,2024-05-20T07:00:00.000Z,619,619,,12,19,,14,45,2,0,4,6,51,568,1